Model Name,Model Parameters,Epochs,Category,Category Name,Category Video,Model Time,Seed,F1 (0.5),Loss
median,0,60,0,baseline,pedestrians,0.014061809,4,0.916549936,0.127089265
median,0,60,1,baseline,PETS2006,0.017992518,4,0.679599682,0.347749747
median,0,60,2,baseline,highway,0.017064142,4,0.926484926,0.123514754
median,0,60,3,baseline,office,0.015334725,4,0.705273912,0.343584077
median,0,60,5,lowFramerate,tramCrossroad_1fps,0.012690902,4,0.529256815,1.281863173
median,0,60,6,lowFramerate,tunnelExit_0_35fps,0.014492893,4,0.507361909,0.790567011
median,0,60,7,lowFramerate,turnpike_0_5fps,0.016977575,4,0.861390628,0.905782969
median,0,60,8,thermal,corridor,0.017012596,4,0.800234635,0.303799747
median,0,60,9,thermal,diningRoom,0.017038369,4,0.836980354,0.237473509
median,0,60,10,thermal,lakeSide,0.016978586,4,0.564237548,0.323164469
median,0,60,11,thermal,library,0.017090917,4,0.765361209,0.390321596
median,0,60,12,thermal,park,0.018877506,4,0.729653975,0.211582065
median,0,60,13,badWeather,blizzard,0.015215969,4,0.877105783,0.495198785
median,0,60,14,badWeather,skating,0.015324521,4,0.774262567,0.731015369
median,0,60,15,badWeather,snowFall,0.015098262,4,0,0.669316385
median,0,60,16,badWeather,wetSnow,0.016899443,4,0.848375389,0.72387424
median,0,60,18,dynamicBackground,canoe,0.016990709,4,0.601638874,0.366332728
median,0,60,19,dynamicBackground,fall,0.015093374,4,0.875382102,0.184934777
median,0,60,21,dynamicBackground,fountain02,0.015492837,4,0,0.209055984
median,0,60,22,dynamicBackground,overpass,0.01704855,4,0.767710161,0.434968232
median,0,60,23,shadow,backdoor,0.016992605,4,0.852670047,0.281692401
median,0,60,24,shadow,bungalows,0.015213924,4,0.892761122,0.212501414
median,0,60,25,shadow,busStation,0.015433073,4,0.695196984,0.39795962
median,0,60,26,shadow,copyMachine,0.015141046,4,0.633141438,0.360325809
median,0,60,27,shadow,cubicle,0.0154006,4,0.81609878,0.356263331
median,0,60,28,shadow,peopleInShade,0.015056352,4,0.476360906,0.744830019
median,0,60,29,nightVideos,bridgeEntry,0.015387456,4,0.496561353,0.653055646
median,0,60,30,nightVideos,busyBoulvard,0.013250756,4,0.671797109,0.792928919
median,0,60,31,nightVideos,fluidHighway,0.014661113,4,0.376819391,1.308420422
median,0,60,32,nightVideos,streetCornerAtNight,0.009188139,4,0.511399125,0.187882038
median,0,60,33,nightVideos,tramStation,0.014285624,4,0.792587155,0.695850673
median,0,60,34,nightVideos,winterStreet,0.015544306,4,0.579923283,1.290677248
median,0,60,35,turbulence,turbulence0,0.015244722,4,0.821156176,0.139079699
median,0,60,36,turbulence,turbulence1,0.015214443,4,0.708070076,1.101456283
median,0,60,37,turbulence,turbulence2,0.011098433,4,0,0.231093565
median,0,60,38,turbulence,turbulence3,0.015211414,4,0.75260655,0.629569764
median,0,60,47,cameraJitter,badminton,0.015268946,4,0.657238459,0.417747384
median,0,60,48,cameraJitter,boulevard,0.015302408,4,0.559173534,0.442289307
median,0,60,49,cameraJitter,sidewalk,0.015401411,4,0.67064024,0.314334491
median,0,60,50,cameraJitter,traffic,0.016921014,4,0.875354813,0.181045339
svd,0,60,0,baseline,pedestrians,0.023010349,4,0.832436538,0.221536474
svd,0,60,1,baseline,PETS2006,0.026198235,4,0.767758916,0.21713278
svd,0,60,2,baseline,highway,0.024400902,4,0.89139564,0.145522014
svd,0,60,3,baseline,office,0.022836208,4,0.785409163,0.232935879
svd,0,60,5,lowFramerate,tramCrossroad_1fps,0.020280242,4,0.640845394,1.141920447
svd,0,60,6,lowFramerate,tunnelExit_0_35fps,0.022310913,4,0.512122352,0.793810061
svd,0,60,7,lowFramerate,turnpike_0_5fps,0.024499946,4,0.892771002,0.921719929
svd,0,60,8,thermal,corridor,0.024593127,4,0.950146928,0.105918416
svd,0,60,9,thermal,diningRoom,0.024515915,4,0.852472928,0.17628506
svd,0,60,10,thermal,lakeSide,0.024472868,4,0.678223201,0.286144011
svd,0,60,11,thermal,library,0.025023794,4,0.973729789,0.165068504
svd,0,60,12,thermal,park,0.028040552,4,0.827691328,0.18456839
svd,0,60,13,badWeather,blizzard,0.022789407,4,0.675722581,0.242305477
svd,0,60,14,badWeather,skating,0.023261559,4,0.779393136,0.598650967
svd,0,60,15,badWeather,snowFall,0.023224676,4,0.574911558,0.56522052
svd,0,60,16,badWeather,wetSnow,0.024789155,4,0.165602115,2.191107071
svd,0,60,18,dynamicBackground,canoe,0.025999308,4,0.760896779,0.28656787
svd,0,60,19,dynamicBackground,fall,0.02294004,4,0.740793866,0.354874735
svd,0,60,21,dynamicBackground,fountain02,0.02318265,4,0,0.163254234
svd,0,60,22,dynamicBackground,overpass,0.024388754,4,0.814952434,0.402353255
svd,0,60,23,shadow,backdoor,0.024381208,4,0.754812154,0.340783345
svd,0,60,24,shadow,bungalows,0.022500936,4,0.708430741,0.356231029
svd,0,60,25,shadow,busStation,0.022646844,4,0.717524487,0.318180067
svd,0,60,26,shadow,copyMachine,0.024275529,4,0.91868487,0.223345047
svd,0,60,27,shadow,cubicle,0.022958088,4,0.867997546,0.10516548
svd,0,60,28,shadow,peopleInShade,0.023551007,4,0.50311607,0.423162596
svd,0,60,29,nightVideos,bridgeEntry,0.023884204,4,0,0.663869947
svd,0,60,30,nightVideos,busyBoulvard,0.020933831,4,0.533508836,0.805923976
svd,0,60,31,nightVideos,fluidHighway,0.022765815,4,0.595472791,0.750311057
svd,0,60,32,nightVideos,streetCornerAtNight,0.01708324,4,0.483156554,0.216718396
svd,0,60,33,nightVideos,tramStation,0.021754766,4,0.785787347,0.702415833
svd,0,60,34,nightVideos,winterStreet,0.02283222,4,0.567634103,0.879457737
svd,0,60,35,turbulence,turbulence0,0.023161566,4,0.862405456,0.249355571
svd,0,60,36,turbulence,turbulence1,0.02303865,4,0.665193778,0.941761528
svd,0,60,37,turbulence,turbulence2,0.019134641,4,0.637475301,0.11079399
svd,0,60,38,turbulence,turbulence3,0.022946091,4,0.674072613,0.765949417
svd,0,60,47,cameraJitter,badminton,0.02280488,4,0.633797453,0.287252581
svd,0,60,48,cameraJitter,boulevard,0.02323674,4,0.708852657,0.351256833
svd,0,60,49,cameraJitter,sidewalk,0.022845411,4,0.666455743,0.29435086
svd,0,60,50,cameraJitter,traffic,0.024743944,4,0.82967824,0.204248156
dft,0,60,0,baseline,pedestrians,0.015420961,4,0.90630635,0.115878323
dft,0,60,1,baseline,PETS2006,0.017716148,4,0.691263883,0.226245074
dft,0,60,2,baseline,highway,0.017121617,4,0.931406059,0.241226618
dft,0,60,3,baseline,office,0.015388303,4,0.620609592,0.381405845
dft,0,60,5,lowFramerate,tramCrossroad_1fps,0.012397528,4,0.351098043,1.180746029
dft,0,60,6,lowFramerate,tunnelExit_0_35fps,0.014429963,4,0.480490521,0.784730893
dft,0,60,7,lowFramerate,turnpike_0_5fps,0.017210907,4,0.862774019,0.890511172
dft,0,60,8,thermal,corridor,0.017195261,4,0.795573357,0.259749595
dft,0,60,9,thermal,diningRoom,0.017137647,4,0.836904977,0.2350004
dft,0,60,10,thermal,lakeSide,0.017048132,4,0.550894992,0.330731245
dft,0,60,11,thermal,library,0.016941488,4,0.759182534,0.395778804
dft,0,60,12,thermal,park,0.018776894,4,0.649156435,0.317101625
dft,0,60,13,badWeather,blizzard,0.01539228,4,0.854050096,0.497515167
dft,0,60,14,badWeather,skating,0.015357244,4,0.786803039,0.817363137
dft,0,60,15,badWeather,snowFall,0.01514405,4,0,0.605185646
dft,0,60,16,badWeather,wetSnow,0.01710906,4,0.82957486,0.720248087
dft,0,60,18,dynamicBackground,canoe,0.017197466,4,0.486220499,0.378762066
dft,0,60,19,dynamicBackground,fall,0.015396142,4,0.862147461,0.2081838
dft,0,60,21,dynamicBackground,fountain02,0.015384277,4,0.892401951,0.029457908
dft,0,60,22,dynamicBackground,overpass,0.017248511,4,0.687697072,0.518104569
dft,0,60,23,shadow,backdoor,0.017229736,4,0.919730773,0.278484725
dft,0,60,24,shadow,bungalows,0.015635645,4,0.884696751,0.39728635
dft,0,60,25,shadow,busStation,0.015311221,4,0.696000539,0.396211954
dft,0,60,26,shadow,copyMachine,0.015395701,4,0.615380024,0.373703904
dft,0,60,27,shadow,cubicle,0.015639448,4,0.775820962,0.36892196
dft,0,60,28,shadow,peopleInShade,0.014771442,4,0.652945722,0.41679889
dft,0,60,29,nightVideos,bridgeEntry,0.015636643,4,0,0.657667508
dft,0,60,30,nightVideos,busyBoulvard,0.013321185,4,0.488710659,0.797725406
dft,0,60,31,nightVideos,fluidHighway,0.014749249,4,0.250031784,1.136192376
dft,0,60,32,nightVideos,streetCornerAtNight,0.00949223,4,0.450604076,0.542120422
dft,0,60,33,nightVideos,tramStation,0.014458907,4,0.648136929,0.868802625
dft,0,60,34,nightVideos,winterStreet,0.015344771,4,0.494380977,1.050523108
dft,0,60,35,turbulence,turbulence0,0.015495992,4,0.875158065,0.111358251
dft,0,60,36,turbulence,turbulence1,0.015621948,4,0.637446687,0.688565025
dft,0,60,37,turbulence,turbulence2,0.011128962,4,0,0.204491218
dft,0,60,38,turbulence,turbulence3,0.01552917,4,0.804993641,0.623443656
dft,0,60,47,cameraJitter,badminton,0.015789986,4,0.67236576,0.263708732
dft,0,60,48,cameraJitter,boulevard,0.01546663,4,0.667503036,0.453187425
dft,0,60,49,cameraJitter,sidewalk,0.015589428,4,0.650980873,0.379034042
dft,0,60,50,cameraJitter,traffic,0.017389953,4,0.878400477,0.300241793
Madu2,0,60,0,baseline,pedestrians,0.023957491,4,0.9109165,0.114482645
Madu2,0,60,1,baseline,PETS2006,0.026712526,4,0.790703389,0.243216385
Madu2,0,60,2,baseline,highway,0.026040634,4,0.944359118,0.235692473
Madu2,0,60,3,baseline,office,0.025000864,4,0.775341955,0.271659348
Madu2,0,60,5,lowFramerate,tramCrossroad_1fps,0.02297008,4,0.387955635,1.177197571
Madu2,0,60,6,lowFramerate,tunnelExit_0_35fps,0.023421562,4,0.511291972,0.789732003
Madu2,0,60,7,lowFramerate,turnpike_0_5fps,0.025656382,4,0.867221947,0.915770375
Madu2,0,60,8,thermal,corridor,0.025534594,4,0.934938741,0.217012696
Madu2,0,60,9,thermal,diningRoom,0.025793684,4,0.869665112,0.206384953
Madu2,0,60,10,thermal,lakeSide,0.02579447,4,0.65051146,0.287167605
Madu2,0,60,11,thermal,library,0.025734913,4,0.966843608,0.17243705
Madu2,0,60,12,thermal,park,0.027397728,4,0.726864237,0.219298637
Madu2,0,60,13,badWeather,blizzard,0.023599267,4,0.846686433,0.129539793
Madu2,0,60,14,badWeather,skating,0.024475265,4,0.929716047,0.550256377
Madu2,0,60,15,badWeather,snowFall,0.023631763,4,0,0.604878527
Madu2,0,60,16,badWeather,wetSnow,0.025552309,4,0.500349002,2.664397379
Madu2,0,60,18,dynamicBackground,canoe,0.025774097,4,0.699305154,0.289872324
Madu2,0,60,19,dynamicBackground,fall,0.023139119,4,0.798991641,0.289515163
Madu2,0,60,21,dynamicBackground,fountain02,0.024777412,4,0.885877956,0.032098681
Madu2,0,60,22,dynamicBackground,overpass,0.025527334,4,0.765439791,0.404371634
Madu2,0,60,23,shadow,backdoor,0.026153481,4,0.894973425,0.23768793
Madu2,0,60,24,shadow,bungalows,0.023693323,4,0.891577585,0.394632569
Madu2,0,60,25,shadow,busStation,0.02374361,4,0.7057988,0.395586237
Madu2,0,60,26,shadow,copyMachine,0.02433033,4,0.930637916,0.150972396
Madu2,0,60,27,shadow,cubicle,0.023681009,4,0.900387056,0.332894624
Madu2,0,60,28,shadow,peopleInShade,0.024369856,4,0.651323291,0.417547006
Madu2,0,60,29,nightVideos,bridgeEntry,0.024343199,4,0,0.667796608
Madu2,0,60,30,nightVideos,busyBoulvard,0.022117686,4,0.591038432,0.793440656
Madu2,0,60,31,nightVideos,fluidHighway,0.023618917,4,0.24689635,1.196966092
Madu2,0,60,32,nightVideos,streetCornerAtNight,0.017344153,4,0.513341755,0.236201468
Madu2,0,60,33,nightVideos,tramStation,0.023408175,4,0.794100924,0.721205175
Madu2,0,60,34,nightVideos,winterStreet,0.02421999,4,0.398313327,1.41004758
Madu2,0,60,35,turbulence,turbulence0,0.023924899,4,0.887302688,0.130526541
Madu2,0,60,36,turbulence,turbulence1,0.024872947,4,0.733409736,1.075619637
Madu2,0,60,37,turbulence,turbulence2,0.019214582,4,0.681739752,0.100618821
Madu2,0,60,38,turbulence,turbulence3,0.023909386,4,0.817542966,0.625626443
Madu2,0,60,47,cameraJitter,badminton,0.025917721,4,0.771057909,0.389572281
Madu2,0,60,48,cameraJitter,boulevard,0.024183655,4,0.652573038,0.311318728
Madu2,0,60,49,cameraJitter,sidewalk,0.024008226,4,0.747964954,0.267958978
Madu2,0,60,50,cameraJitter,traffic,0.026002795,4,0.844073843,0.518299185
Ensemble2,0,60,0,baseline,pedestrians,0.046602416,4,0.898058787,0.11643596
Ensemble2,0,60,1,baseline,PETS2006,0.054667798,4,0.832982107,0.364376349
Ensemble2,0,60,2,baseline,highway,0.051399469,4,0.946852197,0.128072736
Ensemble2,0,60,3,baseline,office,0.046901835,4,0.7887811,0.547357028
Ensemble2,0,60,5,lowFramerate,tramCrossroad_1fps,0.039323529,4,0.513985293,1.781753128
Ensemble2,0,60,6,lowFramerate,tunnelExit_0_35fps,0.043509591,4,0,13.37293749
Ensemble2,0,60,7,lowFramerate,turnpike_0_5fps,0.051241292,4,0.890419331,10.64519578
Ensemble2,0,60,8,thermal,corridor,0.051270425,4,0.944269741,0.256257687
Ensemble2,0,60,9,thermal,diningRoom,0.051951647,4,0.863425749,0.347291065
Ensemble2,0,60,10,thermal,lakeSide,0.05158602,4,0.678785408,0.258169915
Ensemble2,0,60,11,thermal,library,0.051748705,4,0.979289975,0.154161685
Ensemble2,0,60,12,thermal,park,0.056470013,4,0.762738569,0.201453608
Ensemble2,0,60,13,badWeather,blizzard,0.046085823,4,0,0.961920218
Ensemble2,0,60,14,badWeather,skating,0.046914768,4,0,0.733034343
Ensemble2,0,60,15,badWeather,snowFall,0.046487153,4,0.017613267,50.02073765
Ensemble2,0,60,16,badWeather,wetSnow,0.051368296,4,0,10.96188521
Ensemble2,0,60,18,dynamicBackground,canoe,0.050818586,4,0,3.211604249
Ensemble2,0,60,19,dynamicBackground,fall,0.046754324,4,0.857892284,0.314474188
Ensemble2,0,60,21,dynamicBackground,fountain02,0.046797991,4,0.856334726,0.050417864
Ensemble2,0,60,22,dynamicBackground,overpass,0.052148902,4,0,1.229601813
Ensemble2,0,60,23,shadow,backdoor,0.051454735,4,0.863093697,0.313024645
Ensemble2,0,60,24,shadow,bungalows,0.046627479,4,0.915575224,0.392374574
Ensemble2,0,60,25,shadow,busStation,0.046598693,4,0.763103266,0.35145115
Ensemble2,0,60,26,shadow,copyMachine,0.046916592,4,0.954096461,0.076182327
Ensemble2,0,60,27,shadow,cubicle,0.047015822,4,0.875993482,0.264898081
Ensemble2,0,60,28,shadow,peopleInShade,0.046134313,4,0.744221894,0.852322026
Ensemble2,0,60,29,nightVideos,bridgeEntry,0.047252138,4,0,6.200229506
Ensemble2,0,60,30,nightVideos,busyBoulvard,0.040272593,4,0.015419373,12.83374157
Ensemble2,0,60,31,nightVideos,fluidHighway,0.045921584,4,0.556869283,5.171158843
Ensemble2,0,60,32,nightVideos,streetCornerAtNight,0.029893613,4,0.573430112,0.225225494
Ensemble2,0,60,33,nightVideos,tramStation,0.044194508,4,0.806454243,1.054743473
Ensemble2,0,60,34,nightVideos,winterStreet,0.047371236,4,0.430410004,10.58689015
Ensemble2,0,60,35,turbulence,turbulence0,0.046376705,4,0.829434479,0.263203513
Ensemble2,0,60,36,turbulence,turbulence1,0.046802688,4,0.765146427,1.007530014
Ensemble2,0,60,37,turbulence,turbulence2,0.035139358,4,0.708732349,0.094291768
Ensemble2,0,60,38,turbulence,turbulence3,0.046964884,4,0,6.711819049
Ensemble2,0,60,47,cameraJitter,badminton,0.04646678,4,0.573898674,0.453848809
Ensemble2,0,60,48,cameraJitter,boulevard,0.047507572,4,0.79180822,0.841841141
Ensemble2,0,60,49,cameraJitter,sidewalk,0.04726882,4,0.553588022,0.805174255
Ensemble2,0,60,50,cameraJitter,traffic,0.05236119,4,0.836588051,0.227823276
median,0,60,0,baseline,pedestrians,0.015273094,5,0.900065104,0.132947132
median,0,60,1,baseline,PETS2006,0.017949581,5,0.731480018,0.208489938
median,0,60,2,baseline,highway,0.016892942,5,0.939958621,0.138039831
median,0,60,3,baseline,office,0.015107221,5,0.707751094,0.351052647
median,0,60,5,lowFramerate,tramCrossroad_1fps,0.012508432,5,0.807076517,0.899749527
median,0,60,6,lowFramerate,tunnelExit_0_35fps,0.014283216,5,0.424078918,0.87260602
median,0,60,7,lowFramerate,turnpike_0_5fps,0.017123196,5,0.929767732,0.498999425
median,0,60,8,thermal,corridor,0.016899061,5,0.816451877,0.302610357
median,0,60,9,thermal,diningRoom,0.017047024,5,0.841694005,0.224698426
median,0,60,10,thermal,lakeSide,0.016837049,5,0.550977094,0.312378877
median,0,60,11,thermal,library,0.016954076,5,0.776019586,0.415358748
median,0,60,12,thermal,park,0.018590689,5,0.846790891,0.137767066
median,0,60,13,badWeather,blizzard,0.014856291,5,0.787639904,0.515563837
median,0,60,14,badWeather,skating,0.015199387,5,0.820788498,0.420123926
median,0,60,15,badWeather,snowFall,0.015055704,5,0,0.787376716
median,0,60,16,badWeather,wetSnow,0.016846907,5,0.754322278,0.633862485
median,0,60,18,dynamicBackground,canoe,0.016772842,5,0.661162264,0.339457977
median,0,60,19,dynamicBackground,fall,0.015213203,5,0.576191596,0.529277673
median,0,60,21,dynamicBackground,fountain02,0.015135686,5,0,0.315765878
median,0,60,22,dynamicBackground,overpass,0.016856337,5,0,1.212700389
median,0,60,23,shadow,backdoor,0.016848612,5,0.86029944,0.134630047
median,0,60,24,shadow,bungalows,0.015113676,5,0.844785202,0.266541802
median,0,60,25,shadow,busStation,0.015203595,5,0.712835309,0.371591943
median,0,60,26,shadow,copyMachine,0.015071988,5,0.674160109,0.335281765
median,0,60,27,shadow,cubicle,0.015232062,5,0.698667925,0.225268735
median,0,60,28,shadow,peopleInShade,0.014914374,5,0.423105377,0.54120882
median,0,60,29,nightVideos,bridgeEntry,0.015285863,5,0.552335013,1.343739841
median,0,60,30,nightVideos,busyBoulvard,0.013158023,5,0.419252193,0.745673348
median,0,60,31,nightVideos,fluidHighway,0.014742335,5,0.551669073,0.781545242
median,0,60,32,nightVideos,streetCornerAtNight,0.009367943,5,0.698100437,0.20453625
median,0,60,33,nightVideos,tramStation,0.014216852,5,0.797272554,0.586927934
median,0,60,34,nightVideos,winterStreet,0.01546073,5,0.570569655,1.146859372
median,0,60,35,turbulence,turbulence0,0.015313363,5,0.863522405,0.120631652
median,0,60,36,turbulence,turbulence1,0.015115762,5,0.668316331,0.572234741
median,0,60,37,turbulence,turbulence2,0.011231518,5,0,0.252718401
median,0,60,38,turbulence,turbulence3,0.015116018,5,0.587008499,0.789070412
median,0,60,47,cameraJitter,badminton,0.01524148,5,0.705002447,0.259674841
median,0,60,48,cameraJitter,boulevard,0.01527245,5,0.563442745,0.61095165
median,0,60,49,cameraJitter,sidewalk,0.015588045,5,0.576074166,0.401829314
median,0,60,50,cameraJitter,traffic,0.016611576,5,0.837870965,0.205424199
svd,0,60,0,baseline,pedestrians,0.023330641,5,0.8237276,0.149339015
svd,0,60,1,baseline,PETS2006,0.025560682,5,0.824391864,0.158374939
svd,0,60,2,baseline,highway,0.024469376,5,0.91365062,0.137559016
svd,0,60,3,baseline,office,0.022906105,5,0.771154039,0.245353863
svd,0,60,5,lowFramerate,tramCrossroad_1fps,0.021333218,5,0.087897688,5.780292441
svd,0,60,6,lowFramerate,tunnelExit_0_35fps,0.022538686,5,0.383511682,0.855122991
svd,0,60,7,lowFramerate,turnpike_0_5fps,0.023948272,5,0.91660462,0.478887548
svd,0,60,8,thermal,corridor,0.024650586,5,0.95038745,0.104896702
svd,0,60,9,thermal,diningRoom,0.024932361,5,0.859330898,0.205447767
svd,0,60,10,thermal,lakeSide,0.024485195,5,0.727289784,0.249658795
svd,0,60,11,thermal,library,0.024169362,5,0.97313683,0.179639847
svd,0,60,12,thermal,park,0.026296806,5,0.814377326,0.174433388
svd,0,60,13,badWeather,blizzard,0.023002112,5,0.827558375,0.160472327
svd,0,60,14,badWeather,skating,0.024744701,5,0.68884509,0.475799052
svd,0,60,15,badWeather,snowFall,0.023312211,5,0.091860088,0.319289893
svd,0,60,16,badWeather,wetSnow,0.025731611,5,0.743312861,0.949212731
svd,0,60,18,dynamicBackground,canoe,0.026276159,5,0.689389832,0.319135749
svd,0,60,19,dynamicBackground,fall,0.023000884,5,0.656221869,0.526643919
svd,0,60,21,dynamicBackground,fountain02,0.023372571,5,0,0.405603595
svd,0,60,22,dynamicBackground,overpass,0.025014472,5,0.51931121,0.511107651
svd,0,60,23,shadow,backdoor,0.024728489,5,0.407818663,0.272655276
svd,0,60,24,shadow,bungalows,0.022772929,5,0.72798071,0.37590814
svd,0,60,25,shadow,busStation,0.022737304,5,0.774988508,0.286771352
svd,0,60,26,shadow,copyMachine,0.023026025,5,0.922712633,0.100873541
svd,0,60,27,shadow,cubicle,0.022714996,5,0.883883623,0.11923498
svd,0,60,28,shadow,peopleInShade,0.025190651,5,0.536801111,0.627743113
svd,0,60,29,nightVideos,bridgeEntry,0.023894442,5,0,1.190705905
svd,0,60,30,nightVideos,busyBoulvard,0.021193612,5,0.504573324,0.644409817
svd,0,60,31,nightVideos,fluidHighway,0.022581061,5,0.55439729,0.777425786
svd,0,60,32,nightVideos,streetCornerAtNight,0.01689328,5,0.645668213,0.190345303
svd,0,60,33,nightVideos,tramStation,0.022833693,5,0.809004142,0.582039261
svd,0,60,34,nightVideos,winterStreet,0.022628979,5,0.430836921,0.736681976
svd,0,60,35,turbulence,turbulence0,0.022791338,5,0.686136688,0.511452098
svd,0,60,36,turbulence,turbulence1,0.022671568,5,0.712901849,0.459994261
svd,0,60,37,turbulence,turbulence2,0.01876483,5,0,0.231073312
svd,0,60,38,turbulence,turbulence3,0.02328278,5,0.424843649,1.141110549
svd,0,60,47,cameraJitter,badminton,0.024846363,5,0.696918144,0.281803408
svd,0,60,48,cameraJitter,boulevard,0.024788415,5,0.837291958,0.338332434
svd,0,60,49,cameraJitter,sidewalk,0.023201323,5,0.781071984,0.206391466
svd,0,60,50,cameraJitter,traffic,0.024001688,5,0.81761458,0.225468362
dft,0,60,0,baseline,pedestrians,0.015492916,5,0.892320492,0.192533751
dft,0,60,1,baseline,PETS2006,0.018198057,5,0.740606497,0.205487573
dft,0,60,2,baseline,highway,0.01716733,5,0.955777688,0.273755468
dft,0,60,3,baseline,office,0.015237702,5,0.690200664,0.354691206
dft,0,60,5,lowFramerate,tramCrossroad_1fps,0.012815793,5,0.448411419,0.800260961
dft,0,60,6,lowFramerate,tunnelExit_0_35fps,0.014785218,5,0.306172673,0.652410498
dft,0,60,7,lowFramerate,turnpike_0_5fps,0.016883612,5,0.906824155,0.5160439
dft,0,60,8,thermal,corridor,0.017110407,5,0.80258395,0.302815726
dft,0,60,9,thermal,diningRoom,0.016883445,5,0.841214575,0.226497797
dft,0,60,10,thermal,lakeSide,0.017165208,5,0.547103012,0.334180815
dft,0,60,11,thermal,library,0.016942167,5,0.738189318,0.441743155
dft,0,60,12,thermal,park,0.018616915,5,0.853766544,0.156611982
dft,0,60,13,badWeather,blizzard,0.015102875,5,0.788404236,0.312762957
dft,0,60,14,badWeather,skating,0.015274131,5,0.807020308,0.430124083
dft,0,60,15,badWeather,snowFall,0.015341604,5,0,0.529759821
dft,0,60,16,badWeather,wetSnow,0.016986239,5,0.74984905,0.63372391
dft,0,60,18,dynamicBackground,canoe,0.017582417,5,0.60727696,0.568454286
dft,0,60,19,dynamicBackground,fall,0.015301359,5,0,1.277933828
dft,0,60,21,dynamicBackground,fountain02,0.015497247,5,0,0.266083508
dft,0,60,22,dynamicBackground,overpass,0.017037559,5,0.018079808,0.340792605
dft,0,60,23,shadow,backdoor,0.017129135,5,0.900608077,0.252244545
dft,0,60,24,shadow,bungalows,0.015385207,5,0.834073848,0.300068763
dft,0,60,25,shadow,busStation,0.015328447,5,0.708932403,0.373004941
dft,0,60,26,shadow,copyMachine,0.015442085,5,0.670086459,0.339000642
dft,0,60,27,shadow,cubicle,0.015508091,5,0.827472619,0.167417469
dft,0,60,28,shadow,peopleInShade,0.014708598,5,0.599555147,0.394809359
dft,0,60,29,nightVideos,bridgeEntry,0.015321122,5,0.534978407,1.503481487
dft,0,60,30,nightVideos,busyBoulvard,0.013063538,5,0,0.653374419
dft,0,60,31,nightVideos,fluidHighway,0.01465255,5,0.271445624,0.771121191
dft,0,60,32,nightVideos,streetCornerAtNight,0.009285915,5,0.481158198,0.277393853
dft,0,60,33,nightVideos,tramStation,0.014394844,5,0.799286496,0.584688674
dft,0,60,34,nightVideos,winterStreet,0.015450846,5,0.581487376,0.719203171
dft,0,60,35,turbulence,turbulence0,0.015583873,5,0.86372499,0.105648821
dft,0,60,36,turbulence,turbulence1,0.015237391,5,0.663828676,0.493106253
dft,0,60,37,turbulence,turbulence2,0.011395168,5,0,0.229429726
dft,0,60,38,turbulence,turbulence3,0.015502902,5,0.879854933,0.76852336
dft,0,60,47,cameraJitter,badminton,0.015210485,5,0.712030809,0.263477719
dft,0,60,48,cameraJitter,boulevard,0.015436757,5,0.626536853,0.514731918
dft,0,60,49,cameraJitter,sidewalk,0.015855026,5,0.622426304,0.396140766
dft,0,60,50,cameraJitter,traffic,0.016867489,5,0.836145213,0.317577042
Madu2,0,60,0,baseline,pedestrians,0.024695945,5,0.896841642,0.150907318
Madu2,0,60,1,baseline,PETS2006,0.027257031,5,0.683515984,0.227046245
Madu2,0,60,2,baseline,highway,0.025741227,5,0.960666867,0.121307547
Madu2,0,60,3,baseline,office,0.024143855,5,0.81598677,0.296537374
Madu2,0,60,5,lowFramerate,tramCrossroad_1fps,0.021004717,5,0.828588685,1.017926931
Madu2,0,60,6,lowFramerate,tunnelExit_0_35fps,0.023013771,5,0.260764259,0.709881085
Madu2,0,60,7,lowFramerate,turnpike_0_5fps,0.027424653,5,0.933305992,0.481553937
Madu2,0,60,8,thermal,corridor,0.025585639,5,0.932033261,0.12359954
Madu2,0,60,9,thermal,diningRoom,0.02573688,5,0.862324357,0.206759741
Madu2,0,60,10,thermal,lakeSide,0.025580871,5,0.66046325,0.321108013
Madu2,0,60,11,thermal,library,0.026192784,5,0.97141888,0.188690552
Madu2,0,60,12,thermal,park,0.027209711,5,0.719734901,0.221311262
Madu2,0,60,13,badWeather,blizzard,0.024513602,5,0.797432273,0.518163843
Madu2,0,60,14,badWeather,skating,0.023567462,5,0.944566971,0.386863276
Madu2,0,60,15,badWeather,snowFall,0.023872352,5,0.452617523,0.548851688
Madu2,0,60,16,badWeather,wetSnow,0.025873697,5,0.755150716,0.634089358
Madu2,0,60,18,dynamicBackground,canoe,0.026005459,5,0.686358362,0.260795358
Madu2,0,60,19,dynamicBackground,fall,0.024441218,5,0.655278974,0.377806976
Madu2,0,60,21,dynamicBackground,fountain02,0.023488979,5,0,0.415793218
Madu2,0,60,22,dynamicBackground,overpass,0.025587368,5,0.79013395,0.212156746
Madu2,0,60,23,shadow,backdoor,0.025872564,5,0.943395171,0.423853475
Madu2,0,60,24,shadow,bungalows,0.023556583,5,0.823667106,0.257964793
Madu2,0,60,25,shadow,busStation,0.023956498,5,0.705315291,0.30166617
Madu2,0,60,26,shadow,copyMachine,0.024952996,5,0.929684554,0.16894835
Madu2,0,60,27,shadow,cubicle,0.024149776,5,0.859220163,0.160273266
Madu2,0,60,28,shadow,peopleInShade,0.024540583,5,0.514993473,0.671159278
Madu2,0,60,29,nightVideos,bridgeEntry,0.024575406,5,0.415514486,1.309338452
Madu2,0,60,30,nightVideos,busyBoulvard,0.021188295,5,0.404584683,0.810354955
Madu2,0,60,31,nightVideos,fluidHighway,0.024183134,5,0.545627095,0.779232251
Madu2,0,60,32,nightVideos,streetCornerAtNight,0.017062247,5,0.58602066,0.230046421
Madu2,0,60,33,nightVideos,tramStation,0.023205841,5,0.793999457,0.581215267
Madu2,0,60,34,nightVideos,winterStreet,0.024132642,5,0.582300745,0.72049893
Madu2,0,60,35,turbulence,turbulence0,0.024557436,5,0.819289929,0.12647757
Madu2,0,60,36,turbulence,turbulence1,0.023807049,5,0.708478952,0.50936381
Madu2,0,60,37,turbulence,turbulence2,0.020075452,5,0,0.22891549
Madu2,0,60,38,turbulence,turbulence3,0.024055327,5,0.789216939,0.775685172
Madu2,0,60,47,cameraJitter,badminton,0.023779345,5,0.676527725,0.280818334
Madu2,0,60,48,cameraJitter,boulevard,0.024084234,5,0.767274054,0.338757709
Madu2,0,60,49,cameraJitter,sidewalk,0.024071455,5,0.830109564,0.23983402
Madu2,0,60,50,cameraJitter,traffic,0.026154011,5,0.882483783,0.310335055
Ensemble2,0,60,0,baseline,pedestrians,0.047300506,5,0.697213723,0.5392404
Ensemble2,0,60,1,baseline,PETS2006,0.054018649,5,0.834866984,0.224749446
Ensemble2,0,60,2,baseline,highway,0.051434755,5,0.959885303,0.539437155
Ensemble2,0,60,3,baseline,office,0.046348784,5,0.81110357,0.453818567
Ensemble2,0,60,5,lowFramerate,tramCrossroad_1fps,0.038603306,5,0.047469078,0.745517008
Ensemble2,0,60,6,lowFramerate,tunnelExit_0_35fps,0.044443035,5,0.414104398,0.818048763
Ensemble2,0,60,7,lowFramerate,turnpike_0_5fps,0.051010927,5,0.942813119,0.395220864
Ensemble2,0,60,8,thermal,corridor,0.052040565,5,0.929867051,0.360086769
Ensemble2,0,60,9,thermal,diningRoom,0.051025259,5,0.836909541,0.39147583
Ensemble2,0,60,10,thermal,lakeSide,0.052221274,5,0.626231161,0.32034734
Ensemble2,0,60,11,thermal,library,0.051250422,5,0.973958617,0.20728548
Ensemble2,0,60,12,thermal,park,0.055899811,5,0.715835034,0.196641061
Ensemble2,0,60,13,badWeather,blizzard,0.047460747,5,0,1.007030467
Ensemble2,0,60,14,badWeather,skating,0.046523941,5,0.945728507,0.163518029
Ensemble2,0,60,15,badWeather,snowFall,0.045841002,5,0,0.787376716
Ensemble2,0,60,16,badWeather,wetSnow,0.051584613,5,0,5.632326224
Ensemble2,0,60,18,dynamicBackground,canoe,0.051420641,5,0,2.853080547
Ensemble2,0,60,19,dynamicBackground,fall,0.046226823,5,0.757403389,0.732932434
Ensemble2,0,60,21,dynamicBackground,fountain02,0.046648343,5,0,0.415928206
Ensemble2,0,60,22,dynamicBackground,overpass,0.051696026,5,0.711894942,0.379411917
Ensemble2,0,60,23,shadow,backdoor,0.051548207,5,0.918810431,0.260007668
Ensemble2,0,60,24,shadow,bungalows,0.046012977,5,0.78168784,0.243789166
Ensemble2,0,60,25,shadow,busStation,0.047389189,5,0.76680115,0.376049375
Ensemble2,0,60,26,shadow,copyMachine,0.050853801,5,0.920473258,0.348033947
Ensemble2,0,60,27,shadow,cubicle,0.047399473,5,0.89976042,0.12613919
Ensemble2,0,60,28,shadow,peopleInShade,0.045805593,5,0.650250511,1.121685643
Ensemble2,0,60,29,nightVideos,bridgeEntry,0.047543698,5,0,14.44477921
Ensemble2,0,60,30,nightVideos,busyBoulvard,0.040054774,5,0.402489083,5.242184611
Ensemble2,0,60,31,nightVideos,fluidHighway,0.045108179,5,0.384994725,1.604661259
Ensemble2,0,60,32,nightVideos,streetCornerAtNight,0.030141282,5,0,0.615172105
Ensemble2,0,60,33,nightVideos,tramStation,0.043146968,5,0.724550316,0.964820854
Ensemble2,0,60,34,nightVideos,winterStreet,0.046765566,5,0.606271074,1.078295655
Ensemble2,0,60,35,turbulence,turbulence0,0.046693075,5,0.798808859,0.152484561
Ensemble2,0,60,36,turbulence,turbulence1,0.046217644,5,0.70811722,2.817266014
Ensemble2,0,60,37,turbulence,turbulence2,0.03489958,5,0.000833078,24.15072708
Ensemble2,0,60,38,turbulence,turbulence3,0.046855744,5,0.629277948,11.82470472
Ensemble2,0,60,47,cameraJitter,badminton,0.046800137,5,0.746377635,0.281329668
Ensemble2,0,60,48,cameraJitter,boulevard,0.047113132,5,0.836633544,0.32463042
Ensemble2,0,60,49,cameraJitter,sidewalk,0.047183037,5,0.80055546,0.2277859
Ensemble2,0,60,50,cameraJitter,traffic,0.052393168,5,0.823714209,0.234899062
median,0,60,0,baseline,pedestrians,0.014001894,1,0.961313942,0.138453633
dft,0,60,0,baseline,pedestrians,0.01532352,1,0.953960867,0.129016298
svd,0,60,0,baseline,pedestrians,0.022661972,1,0.967437612,0.1249108
Madu2,0,60,0,baseline,pedestrians,0.023536468,1,0.951562108,0.129018494
Series2,0,60,0,baseline,pedestrians,0.017493653,1,0.909315321,0.249001177
Ensemble2,0,60,0,baseline,pedestrians,0.047531915,1,0.959385366,0.128377875
median,0,60,0,baseline,pedestrians,0.014998031,2,0.938474412,0.154078364
dft,0,60,0,baseline,pedestrians,0.015096617,2,0.922235483,0.158155965
svd,0,60,0,baseline,pedestrians,0.023092937,2,0.915165443,0.168774437
Madu2,0,60,0,baseline,pedestrians,0.025760245,2,0.952668164,0.149609443
Series2,0,60,0,baseline,pedestrians,0.017571187,2,0.923333945,0.201238764
Ensemble2,0,60,0,baseline,pedestrians,0.046679616,2,0.944546444,0.162586293
median,0,60,0,baseline,pedestrians,0.015057111,3,0.941700796,0.130542584
dft,0,60,0,baseline,pedestrians,0.015392947,3,0.922471129,0.176978422
svd,0,60,0,baseline,pedestrians,0.022809625,3,0.871709466,0.232238249
Madu2,0,60,0,baseline,pedestrians,0.023645282,3,0.918897719,0.134610966
Series2,0,60,0,baseline,pedestrians,0.017869043,3,0.92340541,0.193057517
Ensemble2,0,60,0,baseline,pedestrians,0.046692181,3,0.94909342,0.16416868
median,0,60,1,baseline,PETS2006,0.017976869,1,0.786191077,0.193881505
dft,0,60,1,baseline,PETS2006,0.018145691,1,0.760507938,0.204201189
svd,0,60,1,baseline,PETS2006,0.025791667,1,0.857047443,0.1442862
Madu2,0,60,1,baseline,PETS2006,0.027130582,1,0.741053757,0.214500436
Series2,0,60,1,baseline,PETS2006,0.020597805,1,0.800007141,0.20476689
Ensemble2,0,60,1,baseline,PETS2006,0.056589495,1,0.834449951,0.156375642
median,0,60,1,baseline,PETS2006,0.017910394,2,0.768105323,0.216456499
dft,0,60,1,baseline,PETS2006,0.017903848,2,0.79003151,0.195842649
svd,0,60,1,baseline,PETS2006,0.025750745,2,0.849461907,0.158181188
Madu2,0,60,1,baseline,PETS2006,0.027216348,2,0.720789675,0.256134918
Series2,0,60,1,baseline,PETS2006,0.020405574,2,0.689953669,0.30139649
Ensemble2,0,60,1,baseline,PETS2006,0.05418914,2,0.775197231,0.213810055
median,0,60,1,baseline,PETS2006,0.017803084,3,0.804268109,0.177945383
dft,0,60,1,baseline,PETS2006,0.018071413,3,0.776259175,0.207453194
svd,0,60,1,baseline,PETS2006,0.026196913,3,0.861307304,0.152629987
Madu2,0,60,1,baseline,PETS2006,0.026737408,3,0.71609309,0.263390542
Series2,0,60,1,baseline,PETS2006,0.020706047,3,0.819158095,0.218789469
Ensemble2,0,60,1,baseline,PETS2006,0.054563869,3,0.876479411,0.13027705
median,0,60,2,baseline,highway,0.016805951,1,0.931470918,0.137360901
dft,0,60,2,baseline,highway,0.017054717,1,0.934774286,0.143754742
svd,0,60,2,baseline,highway,0.02509346,1,0.93164784,0.13460703
Madu2,0,60,2,baseline,highway,0.026240985,1,0.934439017,0.135260825
Series2,0,60,2,baseline,highway,0.019422515,1,0.935978825,0.239247959
Ensemble2,0,60,2,baseline,highway,0.053298648,1,0.955083079,0.133618405
median,0,60,2,baseline,highway,0.016860135,2,0.947047745,0.11144105
dft,0,60,2,baseline,highway,0.016931438,2,0.948703395,0.239858322
svd,0,60,2,baseline,highway,0.024849971,2,0.969301817,0.237328518
Madu2,0,60,2,baseline,highway,0.025591167,2,0.960245555,0.240314947
Series2,0,60,2,baseline,highway,0.019446246,2,0.950254483,0.109865007
Ensemble2,0,60,2,baseline,highway,0.051919683,2,0.950726434,0.113556234
median,0,60,2,baseline,highway,0.016802343,3,0.94794137,0.111802521
dft,0,60,2,baseline,highway,0.017044369,3,0.942350062,0.134332775
svd,0,60,2,baseline,highway,0.025530322,3,0.94723544,0.124745002
Madu2,0,60,2,baseline,highway,0.026036215,3,0.953343121,0.108124681
Series2,0,60,2,baseline,highway,0.01946303,3,0.94543305,0.12655803
Ensemble2,0,60,2,baseline,highway,0.051272964,3,0.946737933,0.104726661
median,0,60,3,baseline,office,0.015145236,1,0.68731245,0.360515451
dft,0,60,3,baseline,office,0.015190283,1,0.64040698,0.441274237
svd,0,60,3,baseline,office,0.022761106,1,0.716820164,0.347706511
Madu2,0,60,3,baseline,office,0.024408049,1,0.763797667,0.313728044
Series2,0,60,3,baseline,office,0.017850081,1,0.505760024,0.459612977
Ensemble2,0,60,3,baseline,office,0.046904882,1,0.747743961,0.288902314
median,0,60,3,baseline,office,0.014904645,2,0.694922835,0.342518046
dft,0,60,3,baseline,office,0.015470213,2,0.686984963,0.351720347
svd,0,60,3,baseline,office,0.02353149,2,0.699648552,0.30414797
Madu2,0,60,3,baseline,office,0.023858004,2,0.780258457,0.314021545
Series2,0,60,3,baseline,office,0.017932177,2,0.718397034,0.288746427
Ensemble2,0,60,3,baseline,office,0.046355128,2,0.793319041,0.23681843
median,0,60,3,baseline,office,0.015462518,3,0.720624058,0.342052334
dft,0,60,3,baseline,office,0.015630338,3,0.70786416,0.346686871
svd,0,60,3,baseline,office,0.023290104,3,0.807701493,0.217258247
Madu2,0,60,3,baseline,office,0.023833579,3,0.754050187,0.321919459
Series2,0,60,3,baseline,office,0.017830941,3,0.708649306,0.296960567
Ensemble2,0,60,3,baseline,office,0.047110081,3,0.80138035,0.292665593
median,0,60,5,lowFramerate,tramCrossroad_1fps,0.011553844,1,0.764546969,2.043288268
dft,0,60,5,lowFramerate,tramCrossroad_1fps,0.012832959,1,0.777410198,1.794751659
svd,0,60,5,lowFramerate,tramCrossroad_1fps,0.020325859,1,0.525320158,1.406967347
Madu2,0,60,5,lowFramerate,tramCrossroad_1fps,0.020500859,1,0.763389893,1.964713884
Series2,0,60,5,lowFramerate,tramCrossroad_1fps,0.015317877,1,0.691155018,2.238248934
Ensemble2,0,60,5,lowFramerate,tramCrossroad_1fps,0.040154139,1,0,17.22451591
median,0,60,5,lowFramerate,tramCrossroad_1fps,0.012824059,2,0.691099431,3.642133524
dft,0,60,5,lowFramerate,tramCrossroad_1fps,0.012771646,2,0.84281763,0.806973621
svd,0,60,5,lowFramerate,tramCrossroad_1fps,0.0195961,2,0.678963224,1.20426701
Madu2,0,60,5,lowFramerate,tramCrossroad_1fps,0.020330509,2,0.868070313,0.741021196
Series2,0,60,5,lowFramerate,tramCrossroad_1fps,0.0153114,2,0.592879998,2.043972547
Ensemble2,0,60,5,lowFramerate,tramCrossroad_1fps,0.038585822,2,0.788676526,8.599680354
median,0,60,5,lowFramerate,tramCrossroad_1fps,0.012816151,3,0.692111913,1.95828255
dft,0,60,5,lowFramerate,tramCrossroad_1fps,0.01266245,3,0.745290894,1.758425842
svd,0,60,5,lowFramerate,tramCrossroad_1fps,0.019492229,3,0.720829885,0.951719155
Madu2,0,60,5,lowFramerate,tramCrossroad_1fps,0.02029105,3,0.742132408,1.650486698
Series2,0,60,5,lowFramerate,tramCrossroad_1fps,0.015203675,3,0.710620847,2.099462529
Ensemble2,0,60,5,lowFramerate,tramCrossroad_1fps,0.038560987,3,0.839244739,2.004600306
median,0,60,6,lowFramerate,tunnelExit_0_35fps,0.013398314,1,0.473262283,0.574804194
dft,0,60,6,lowFramerate,tunnelExit_0_35fps,0.014598072,1,0,0.609842467
svd,0,60,6,lowFramerate,tunnelExit_0_35fps,0.022102153,1,0.359099374,0.559770101
Madu2,0,60,6,lowFramerate,tunnelExit_0_35fps,0.022393465,1,0.470214459,0.574502704
Series2,0,60,6,lowFramerate,tunnelExit_0_35fps,0.016933477,1,0.489269476,0.573801194
Ensemble2,0,60,6,lowFramerate,tunnelExit_0_35fps,0.04417212,1,0,3.740043485
median,0,60,6,lowFramerate,tunnelExit_0_35fps,0.014441633,2,0.597192651,0.966985408
dft,0,60,6,lowFramerate,tunnelExit_0_35fps,0.014575815,2,0.576432848,0.959538464
svd,0,60,6,lowFramerate,tunnelExit_0_35fps,0.022650731,2,0.603822865,0.913522497
Madu2,0,60,6,lowFramerate,tunnelExit_0_35fps,0.023166871,2,0.577224687,0.971708996
Series2,0,60,6,lowFramerate,tunnelExit_0_35fps,0.017033422,2,0.586126291,0.733979359
Ensemble2,0,60,6,lowFramerate,tunnelExit_0_35fps,0.04366399,2,0.618332213,1.736198139
median,0,60,6,lowFramerate,tunnelExit_0_35fps,0.014202511,3,0.551313123,0.626898159
dft,0,60,6,lowFramerate,tunnelExit_0_35fps,0.014561105,3,0.529138397,0.629019226
svd,0,60,6,lowFramerate,tunnelExit_0_35fps,0.023058069,3,0.550532825,0.626867238
Madu2,0,60,6,lowFramerate,tunnelExit_0_35fps,0.023158145,3,0.545213413,0.627495719
Series2,0,60,6,lowFramerate,tunnelExit_0_35fps,0.016755462,3,0.560995839,0.626050004
Ensemble2,0,60,6,lowFramerate,tunnelExit_0_35fps,0.043390071,3,0,5.872053859
median,0,60,7,lowFramerate,turnpike_0_5fps,0.016017199,1,0.91366502,1.03529347
dft,0,60,7,lowFramerate,turnpike_0_5fps,0.017024146,1,0.902636228,1.03761066
svd,0,60,7,lowFramerate,turnpike_0_5fps,0.02449282,1,0.886411315,1.020846933
Madu2,0,60,7,lowFramerate,turnpike_0_5fps,0.026523352,1,0.902320063,1.028325887
Series2,0,60,7,lowFramerate,turnpike_0_5fps,0.019519038,1,0.889480847,1.691590306
Ensemble2,0,60,7,lowFramerate,turnpike_0_5fps,0.052548965,1,0.889156618,25.63799364
median,0,60,7,lowFramerate,turnpike_0_5fps,0.016984781,2,0.945146879,0.834653884
dft,0,60,7,lowFramerate,turnpike_0_5fps,0.017330329,2,0,0.973276158
svd,0,60,7,lowFramerate,turnpike_0_5fps,0.025332636,2,0.760661144,1.3943435
Madu2,0,60,7,lowFramerate,turnpike_0_5fps,0.025913265,2,0.954343528,0.832115448
Series2,0,60,7,lowFramerate,turnpike_0_5fps,0.019499567,2,0.806442903,1.953611361
Ensemble2,0,60,7,lowFramerate,turnpike_0_5fps,0.051118957,2,0,19.03462521
median,0,60,7,lowFramerate,turnpike_0_5fps,0.016997947,3,0.932221212,0.93736576
dft,0,60,7,lowFramerate,turnpike_0_5fps,0.017137051,3,0.908906325,0.941369583
svd,0,60,7,lowFramerate,turnpike_0_5fps,0.024164173,3,0.859417326,1.998028957
Madu2,0,60,7,lowFramerate,turnpike_0_5fps,0.025623984,3,0.929929895,0.933558317
Series2,0,60,7,lowFramerate,turnpike_0_5fps,0.019730488,3,0.922088264,1.670016625
Ensemble2,0,60,7,lowFramerate,turnpike_0_5fps,0.052323368,3,0.890551042,9.033139247
median,0,60,8,thermal,corridor,0.016103196,1,0.756057703,0.326558001
dft,0,60,8,thermal,corridor,0.016926885,1,0.753485747,0.3260398
svd,0,60,8,thermal,corridor,0.02477237,1,0.933259482,0.136475478
Madu2,0,60,8,thermal,corridor,0.025231576,1,0.900151631,0.260986231
Series2,0,60,8,thermal,corridor,0.019428229,1,0.822119525,0.303101158
Ensemble2,0,60,8,thermal,corridor,0.052786565,1,0.936968726,0.143790779
median,0,60,8,thermal,corridor,0.016839802,2,0.710628647,0.387412433
dft,0,60,8,thermal,corridor,0.017001593,2,0.70952659,0.229450209
svd,0,60,8,thermal,corridor,0.025310075,2,0.876228501,0.129896723
Madu2,0,60,8,thermal,corridor,0.025788629,2,0.873058185,0.156167311
Series2,0,60,8,thermal,corridor,0.019572401,2,0.760535324,0.265704882
Ensemble2,0,60,8,thermal,corridor,0.051876438,2,0.890182581,0.141017669
median,0,60,8,thermal,corridor,0.016791916,3,0.818433593,0.238152889
dft,0,60,8,thermal,corridor,0.016873682,3,0.779047877,0.25127774
svd,0,60,8,thermal,corridor,0.02503835,3,0.930159974,0.120493171
Madu2,0,60,8,thermal,corridor,0.026201332,3,0.889872863,0.149033637
Series2,0,60,8,thermal,corridor,0.019553673,3,0.868435311,0.197494537
Ensemble2,0,60,8,thermal,corridor,0.051183403,3,0.953512904,0.129488319
median,0,60,9,thermal,diningRoom,0.015936482,1,0.849381026,0.228601184
dft,0,60,9,thermal,diningRoom,0.017095923,1,0.853101038,0.219623649
svd,0,60,9,thermal,diningRoom,0.024937367,1,0.862569245,0.209683713
Madu2,0,60,9,thermal,diningRoom,0.026378477,1,0.875139251,0.202149157
Series2,0,60,9,thermal,diningRoom,0.019583714,1,0.856589402,0.202884937
Ensemble2,0,60,9,thermal,diningRoom,0.051831853,1,0.851301644,0.246340263
median,0,60,9,thermal,diningRoom,0.017011964,2,0.881468455,0.192384085
dft,0,60,9,thermal,diningRoom,0.017060268,2,0.864836363,0.200334662
svd,0,60,9,thermal,diningRoom,0.025647211,2,0.88851245,0.179816831
Madu2,0,60,9,thermal,diningRoom,0.026117468,2,0.905486983,0.175838892
Series2,0,60,9,thermal,diningRoom,0.019696522,2,0.870082056,0.159521796
Ensemble2,0,60,9,thermal,diningRoom,0.051268554,2,0.876424879,0.32184291
median,0,60,9,thermal,diningRoom,0.017042375,3,0.878137857,0.199106985
dft,0,60,9,thermal,diningRoom,0.017068839,3,0.878041947,0.192287602
svd,0,60,9,thermal,diningRoom,0.025015295,3,0.89129616,0.139881664
Madu2,0,60,9,thermal,diningRoom,0.025937974,3,0.905456309,0.173746905
Series2,0,60,9,thermal,diningRoom,0.019497812,3,0.88353932,0.155461929
Ensemble2,0,60,9,thermal,diningRoom,0.050768614,3,0.88011003,0.323958722
median,0,60,10,thermal,lakeSide,0.01703577,1,0.517144065,0.314559229
dft,0,60,10,thermal,lakeSide,0.01706022,1,0.484836211,0.323648564
svd,0,60,10,thermal,lakeSide,0.024952173,1,0.551304907,0.297294671
Madu2,0,60,10,thermal,lakeSide,0.025596154,1,0.531471436,0.319109724
Series2,0,60,10,thermal,lakeSide,0.01967454,1,0.598858435,0.295626192
Ensemble2,0,60,10,thermal,lakeSide,0.05151999,1,0.532805558,0.308572459
median,0,60,10,thermal,lakeSide,0.016923392,2,0.651255217,0.327065935
dft,0,60,10,thermal,lakeSide,0.016809416,2,0.567711264,0.342173027
svd,0,60,10,thermal,lakeSide,0.024721301,2,0.696689751,0.271752632
Madu2,0,60,10,thermal,lakeSide,0.02599808,2,0.633657662,0.304758913
Series2,0,60,10,thermal,lakeSide,0.0197317,2,0.684626594,0.282190286
Ensemble2,0,60,10,thermal,lakeSide,0.051120305,2,0.696297431,0.424919013
median,0,60,10,thermal,lakeSide,0.016966879,3,0.581778348,0.33141598
dft,0,60,10,thermal,lakeSide,0.017219436,3,0.455949176,0.39250081
svd,0,60,10,thermal,lakeSide,0.024626946,3,0.603735064,0.32928815
Madu2,0,60,10,thermal,lakeSide,0.02625469,3,0.579354884,0.3479392
Series2,0,60,10,thermal,lakeSide,0.019549751,3,0.597437756,0.402214874
Ensemble2,0,60,10,thermal,lakeSide,0.051529741,3,0.656827606,0.307376428
median,0,60,11,thermal,library,0.017115629,1,0.743083467,0.460771772
dft,0,60,11,thermal,library,0.017083347,1,0.730397267,0.430035737
svd,0,60,11,thermal,library,0.025116897,1,0.962310213,0.173653824
Madu2,0,60,11,thermal,library,0.025946736,1,0.964092174,0.177264789
Series2,0,60,11,thermal,library,0.019555819,1,0.948790752,0.20682129
Ensemble2,0,60,11,thermal,library,0.052068269,1,0.963047626,0.218957927
median,0,60,11,thermal,library,0.016909361,2,0.778703667,0.373903861
dft,0,60,11,thermal,library,0.017139065,2,0.716905259,0.441679392
svd,0,60,11,thermal,library,0.025118935,2,0.974990302,0.147810907
Madu2,0,60,11,thermal,library,0.026648772,2,0.972711663,0.143876845
Series2,0,60,11,thermal,library,0.019700611,2,0.968229272,0.181985539
Ensemble2,0,60,11,thermal,library,0.052340853,2,0.982472572,0.148393192
median,0,60,11,thermal,library,0.016930461,3,0.692809759,0.422511828
dft,0,60,11,thermal,library,0.017143035,3,0.753529914,0.39827503
svd,0,60,11,thermal,library,0.024798632,3,0.97039565,0.172919631
Madu2,0,60,11,thermal,library,0.025584483,3,0.965814313,0.173242931
Series2,0,60,11,thermal,library,0.01962024,3,0.962991376,0.210380723
Ensemble2,0,60,11,thermal,library,0.051637483,3,0.977010691,0.170096755
median,0,60,12,thermal,park,0.018591118,1,0.854775146,0.1530469
dft,0,60,12,thermal,park,0.018384695,1,0.866479476,0.181477982
svd,0,60,12,thermal,park,0.02648201,1,0.903526587,0.145507093
Madu2,0,60,12,thermal,park,0.027381039,1,0.873815647,0.161481854
Series2,0,60,12,thermal,park,0.020800352,1,0.902824889,0.211192802
Ensemble2,0,60,12,thermal,park,0.057011604,1,0.82286021,0.171895272
median,0,60,12,thermal,park,0.017801189,2,0.889931467,0.407297009
dft,0,60,12,thermal,park,0.018198586,2,0.895985661,0.155925751
svd,0,60,12,thermal,park,0.026366282,2,0.784815607,0.193538028
Madu2,0,60,12,thermal,park,0.027821016,2,0.885275093,0.405559289
Series2,0,60,12,thermal,park,0.020683336,2,0.807251275,0.254342824
Ensemble2,0,60,12,thermal,park,0.054823112,2,0.91200447,0.139810729
median,0,60,12,thermal,park,0.018732882,3,0.851541425,0.15070304
dft,0,60,12,thermal,park,0.018800116,3,0.811567934,0.207030332
svd,0,60,12,thermal,park,0.027211142,3,0.86145413,0.161426306
Madu2,0,60,12,thermal,park,0.027628899,3,0.793557076,0.276679006
Series2,0,60,12,thermal,park,0.020999622,3,0.835037544,0.310673553
Ensemble2,0,60,12,thermal,park,0.055507088,3,0.851482027,0.156289747
median,0,60,13,badWeather,blizzard,0.015210974,1,0.864452119,0.505885437
dft,0,60,13,badWeather,blizzard,0.01544677,1,0.781490208,0.200524704
svd,0,60,13,badWeather,blizzard,0.023411572,1,0.522290097,0.380091103
Madu2,0,60,13,badWeather,blizzard,0.024028409,1,0.806626653,0.506408319
Series2,0,60,13,badWeather,blizzard,0.017804158,1,0.297033011,0.513603154
Ensemble2,0,60,13,badWeather,blizzard,0.046584487,1,0,1.496005195
median,0,60,13,badWeather,blizzard,0.015105844,2,0.862113367,0.513697422
dft,0,60,13,badWeather,blizzard,0.015272236,2,0.824829849,0.522023982
svd,0,60,13,badWeather,blizzard,0.022979701,2,0,0.598953205
Madu2,0,60,13,badWeather,blizzard,0.024470806,2,0.865969782,0.267718929
Series2,0,60,13,badWeather,blizzard,0.017848229,2,0.879775659,0.138492094
Ensemble2,0,60,13,badWeather,blizzard,0.04670223,2,0,1.226164136
median,0,60,13,badWeather,blizzard,0.015153742,3,0.88180282,0.234011252
dft,0,60,13,badWeather,blizzard,0.015256107,3,0.804692149,0.53415993
svd,0,60,13,badWeather,blizzard,0.023013139,3,0.746702572,0.36733705
Madu2,0,60,13,badWeather,blizzard,0.023461056,3,0.818775957,0.534413354
Series2,0,60,13,badWeather,blizzard,0.017709816,3,0.88775634,0.176079979
Ensemble2,0,60,13,badWeather,blizzard,0.04611398,3,0.665945022,0.314417437
median,0,60,14,badWeather,skating,0.015397143,1,0.815278619,0.434135483
dft,0,60,14,badWeather,skating,0.015332198,1,0,0.590737739
svd,0,60,14,badWeather,skating,0.022600973,1,0.273837982,0.573910412
Madu2,0,60,14,badWeather,skating,0.025187588,1,0.944283324,0.400772749
Series2,0,60,14,badWeather,skating,0.017658508,1,0.564593446,0.413988608
Ensemble2,0,60,14,badWeather,skating,0.046838975,1,0,3.101374676
median,0,60,14,badWeather,skating,0.015071428,2,0.82329734,0.437123036
dft,0,60,14,badWeather,skating,0.015345144,2,0.808950698,0.442614096
svd,0,60,14,badWeather,skating,0.022862351,2,0.784173875,0.443203588
Madu2,0,60,14,badWeather,skating,0.023904312,2,0.940553727,0.401175045
Series2,0,60,14,badWeather,skating,0.017677522,2,0.824891442,0.322438017
Ensemble2,0,60,14,badWeather,skating,0.046536314,2,0.607670091,0.430235758
median,0,60,14,badWeather,skating,0.015086401,3,0.824204755,0.432632107
dft,0,60,14,badWeather,skating,0.015192735,3,0.813299646,0.428022358
svd,0,60,14,badWeather,skating,0.02286123,3,0.882738559,0.357944766
Madu2,0,60,14,badWeather,skating,0.023593736,3,0.919494724,0.406159195
Series2,0,60,14,badWeather,skating,0.017699337,3,0.857852401,0.299621312
Ensemble2,0,60,14,badWeather,skating,0.04652884,3,0,0.50939423
median,0,60,15,badWeather,snowFall,0.015258467,1,0,0.986565382
dft,0,60,15,badWeather,snowFall,0.01528908,1,0,0.862904467
svd,0,60,15,badWeather,snowFall,0.022802258,1,0,0.415420184
Madu2,0,60,15,badWeather,snowFall,0.023639905,1,0,0.422082751
Series2,0,60,15,badWeather,snowFall,0.017774475,1,0,0.395256303
Ensemble2,0,60,15,badWeather,snowFall,0.047246218,1,0,0.408214873
median,0,60,15,badWeather,snowFall,0.01522665,2,0,0.853257019
dft,0,60,15,badWeather,snowFall,0.015346694,2,0,0.254483644
svd,0,60,15,badWeather,snowFall,0.023261285,2,0.374006789,0.236866457
Madu2,0,60,15,badWeather,snowFall,0.024085629,2,0.675983809,0.186112106
Series2,0,60,15,badWeather,snowFall,0.017634368,2,0.728641609,0.470533691
Ensemble2,0,60,15,badWeather,snowFall,0.046440363,2,0,1.120812732
median,0,60,15,badWeather,snowFall,0.015290523,3,0.656379762,0.565652534
dft,0,60,15,badWeather,snowFall,0.015381992,3,0.659432008,0.566069226
svd,0,60,15,badWeather,snowFall,0.023374093,3,0.330386444,0.583612159
Madu2,0,60,15,badWeather,snowFall,0.02405163,3,0.76243847,0.559675424
Series2,0,60,15,badWeather,snowFall,0.017538977,3,0,0.60033015
Ensemble2,0,60,15,badWeather,snowFall,0.046116972,3,0,0.619523516
median,0,60,16,badWeather,wetSnow,0.017008841,1,0.833709332,0.518204606
dft,0,60,16,badWeather,wetSnow,0.016923428,1,0.835606622,0.51706032
svd,0,60,16,badWeather,wetSnow,0.025015604,1,0.489819698,0.456617182
Madu2,0,60,16,badWeather,wetSnow,0.025324249,1,0.823922022,0.516399801
Series2,0,60,16,badWeather,wetSnow,0.019409811,1,0.833947076,0.518584104
Ensemble2,0,60,16,badWeather,wetSnow,0.051803255,1,0,0.726113439
median,0,60,16,badWeather,wetSnow,0.016856563,2,0.780698637,0.51115599
dft,0,60,16,badWeather,wetSnow,0.017146075,2,0.624537256,0.519058816
svd,0,60,16,badWeather,wetSnow,0.025088537,2,0.663841191,0.458669688
Madu2,0,60,16,badWeather,wetSnow,0.026148367,2,0.754652962,0.525843479
Series2,0,60,16,badWeather,wetSnow,0.019292939,2,0.779798879,0.514228472
Ensemble2,0,60,16,badWeather,wetSnow,0.050692487,2,0,0.758653415
median,0,60,16,badWeather,wetSnow,0.016830122,3,0,0.416752476
dft,0,60,16,badWeather,wetSnow,0.01684972,3,0,0.402957443
svd,0,60,16,badWeather,wetSnow,0.025371814,3,0.599547241,0.457877921
Madu2,0,60,16,badWeather,wetSnow,0.025704181,3,0,0.403623705
Series2,0,60,16,badWeather,wetSnow,0.019584703,3,0,0.406280607
Ensemble2,0,60,16,badWeather,wetSnow,0.052055192,3,0.569335292,0.446066885
median,0,60,18,dynamicBackground,canoe,0.017400026,1,0.648023668,0.340173334
dft,0,60,18,dynamicBackground,canoe,0.017395258,1,0.689168094,0.290404984
svd,0,60,18,dynamicBackground,canoe,0.024289417,1,0.763027,0.212719813
Madu2,0,60,18,dynamicBackground,canoe,0.025548172,1,0.702474033,0.267943323
Series2,0,60,18,dynamicBackground,canoe,0.018995142,1,0.915643557,0.22361455
Ensemble2,0,60,18,dynamicBackground,canoe,0.052385283,1,0.739221208,0.582444316
median,0,60,18,dynamicBackground,canoe,0.016786671,2,0.588256304,0.394170299
dft,0,60,18,dynamicBackground,canoe,0.016971684,2,0.706222322,0.36170415
svd,0,60,18,dynamicBackground,canoe,0.023889637,2,0.516842105,0.419299406
Madu2,0,60,18,dynamicBackground,canoe,0.026371765,2,0.93741421,0.400743258
Series2,0,60,18,dynamicBackground,canoe,0.01993494,2,0.923195538,0.359459218
Ensemble2,0,60,18,dynamicBackground,canoe,0.050835323,2,0.905308175,0.243941911
median,0,60,18,dynamicBackground,canoe,0.016790915,3,0.546303241,0.400693119
dft,0,60,18,dynamicBackground,canoe,0.017110014,3,0.707943292,0.337709028
svd,0,60,18,dynamicBackground,canoe,0.024464703,3,0.725445243,0.503801113
Madu2,0,60,18,dynamicBackground,canoe,0.025200891,3,0.691631119,0.290230703
Series2,0,60,18,dynamicBackground,canoe,0.019661474,3,0.905037793,0.404200035
Ensemble2,0,60,18,dynamicBackground,canoe,0.051153946,3,0,3.185280049
median,0,60,19,dynamicBackground,fall,0.015326357,1,0.80661364,0.358832487
dft,0,60,19,dynamicBackground,fall,0.015392339,1,0.79210113,0.308607928
svd,0,60,19,dynamicBackground,fall,0.022759116,1,0.763849396,0.420762439
Madu2,0,60,19,dynamicBackground,fall,0.024715388,1,0.900275151,0.307956319
Series2,0,60,19,dynamicBackground,fall,0.017925656,1,0.906135018,0.327734385
Ensemble2,0,60,19,dynamicBackground,fall,0.046253729,1,0.896767331,0.372017489
median,0,60,19,dynamicBackground,fall,0.014976239,2,0.796681328,0.276200915
dft,0,60,19,dynamicBackground,fall,0.015243888,2,0.78873218,0.328074175
svd,0,60,19,dynamicBackground,fall,0.023199201,2,0.718332683,0.32424437
Madu2,0,60,19,dynamicBackground,fall,0.024985242,2,0.907590514,0.233264335
Series2,0,60,19,dynamicBackground,fall,0.017820787,2,0.752800448,0.282939616
Ensemble2,0,60,19,dynamicBackground,fall,0.046340585,2,0.845013967,0.278940886
median,0,60,19,dynamicBackground,fall,0.015081942,3,0.588695585,0.566102851
dft,0,60,19,dynamicBackground,fall,0.015304053,3,0.702273238,0.335360367
svd,0,60,19,dynamicBackground,fall,0.022820139,3,0.595446046,0.512534145
Madu2,0,60,19,dynamicBackground,fall,0.023978949,3,0.665669151,0.432637568
Series2,0,60,19,dynamicBackground,fall,0.017926753,3,0.593622264,0.579988985
Ensemble2,0,60,19,dynamicBackground,fall,0.046512604,3,0.819430798,0.569332712
median,0,60,21,dynamicBackground,fountain02,0.015578449,1,0.795060507,0.054953331
dft,0,60,21,dynamicBackground,fountain02,0.015507102,1,0.881966548,0.141842572
svd,0,60,21,dynamicBackground,fountain02,0.022669911,1,0.669433858,0.232361187
Madu2,0,60,21,dynamicBackground,fountain02,0.025693695,1,0.889086245,0.060738645
Series2,0,60,21,dynamicBackground,fountain02,0.017581205,1,0.880891551,0.106153876
Ensemble2,0,60,21,dynamicBackground,fountain02,0.048115492,1,0,0.153742683
median,0,60,21,dynamicBackground,fountain02,0.015097817,2,0.926125056,0.118919265
dft,0,60,21,dynamicBackground,fountain02,0.015769541,2,0.901512307,0.221738928
svd,0,60,21,dynamicBackground,fountain02,0.022345026,2,0.830724588,0.043365123
Madu2,0,60,21,dynamicBackground,fountain02,0.024579306,2,0.930986774,0.093079502
Series2,0,60,21,dynamicBackground,fountain02,0.017584602,2,0.90826845,0.108393767
Ensemble2,0,60,21,dynamicBackground,fountain02,0.046436826,2,0.906316866,0.11412201
median,0,60,21,dynamicBackground,fountain02,0.015222569,3,0.757453052,0.070331091
dft,0,60,21,dynamicBackground,fountain02,0.015121559,3,0.870742984,0.080321317
svd,0,60,21,dynamicBackground,fountain02,0.022443175,3,0,0.226642038
Madu2,0,60,21,dynamicBackground,fountain02,0.024869343,3,0.834522698,0.042918631
Series2,0,60,21,dynamicBackground,fountain02,0.017819166,3,0.870726278,0.035475426
Ensemble2,0,60,21,dynamicBackground,fountain02,0.046361804,3,0.784424668,0.052811179
median,0,60,22,dynamicBackground,overpass,0.016961491,1,0,0.469365425
dft,0,60,22,dynamicBackground,overpass,0.017064226,1,0,0.322727319
svd,0,60,22,dynamicBackground,overpass,0.025717008,1,0,0.483843333
Madu2,0,60,22,dynamicBackground,overpass,0.026089215,1,0,0.36226344
Series2,0,60,22,dynamicBackground,overpass,0.019383681,1,0,0.466833223
Ensemble2,0,60,22,dynamicBackground,overpass,0.051415193,1,0,0.330530776
median,0,60,22,dynamicBackground,overpass,0.016756034,2,0.535493637,0.484282482
dft,0,60,22,dynamicBackground,overpass,0.017056167,2,0.546048895,0.446771788
svd,0,60,22,dynamicBackground,overpass,0.02465744,2,0.495700259,0.49710948
Madu2,0,60,22,dynamicBackground,overpass,0.025488949,2,0.696572367,0.290880282
Series2,0,60,22,dynamicBackground,overpass,0.01936214,2,0.785093063,0.331985992
Ensemble2,0,60,22,dynamicBackground,overpass,0.0510149,2,0.820520933,0.229967515
median,0,60,22,dynamicBackground,overpass,0.016723132,3,0.524668251,0.478148527
dft,0,60,22,dynamicBackground,overpass,0.017048836,3,0.543723211,0.464341299
svd,0,60,22,dynamicBackground,overpass,0.025119424,3,0.744693269,0.375623425
Madu2,0,60,22,dynamicBackground,overpass,0.025638616,3,0.794814753,0.356363104
Series2,0,60,22,dynamicBackground,overpass,0.019374371,3,0.70503683,0.413222494
Ensemble2,0,60,22,dynamicBackground,overpass,0.051970387,3,0.757093775,0.302554287
median,0,60,23,shadow,backdoor,0.017023921,1,0.921746697,0.161341266
dft,0,60,23,shadow,backdoor,0.016963685,1,0.919497825,0.179477677
svd,0,60,23,shadow,backdoor,0.02463367,1,0.784265806,0.191858635
Madu2,0,60,23,shadow,backdoor,0.02531991,1,0.893484472,0.241979902
Series2,0,60,23,shadow,backdoor,0.019401693,1,0.861625838,0.19087409
Ensemble2,0,60,23,shadow,backdoor,0.051733863,1,0.899163198,0.235442979
median,0,60,23,shadow,backdoor,0.01678828,2,0.929633936,0.16864589
dft,0,60,23,shadow,backdoor,0.017134655,2,0.924549053,0.286735789
svd,0,60,23,shadow,backdoor,0.024460578,2,0.800698157,0.410033757
Madu2,0,60,23,shadow,backdoor,0.025638247,2,0.912564,0.153092888
Series2,0,60,23,shadow,backdoor,0.01942941,2,0.932280928,0.192401191
Ensemble2,0,60,23,shadow,backdoor,0.050835145,2,0.891900876,0.290638297
median,0,60,23,shadow,backdoor,0.017115819,3,0.929177621,0.149258423
dft,0,60,23,shadow,backdoor,0.016994655,3,0.892049069,0.157207558
svd,0,60,23,shadow,backdoor,0.024867547,3,0.457603096,0.258106912
Madu2,0,60,23,shadow,backdoor,0.025599301,3,0.9349759,0.408143757
Series2,0,60,23,shadow,backdoor,0.019607663,3,0.840893003,0.200015931
Ensemble2,0,60,23,shadow,backdoor,0.05188098,3,0.885769297,0.189792783
median,0,60,24,shadow,bungalows,0.015292757,1,0.833920392,0.252022858
dft,0,60,24,shadow,bungalows,0.015313134,1,0.837136321,0.396032961
svd,0,60,24,shadow,bungalows,0.022806658,1,0.842212438,0.242718388
Madu2,0,60,24,shadow,bungalows,0.023898966,1,0.826868294,0.24224104
Series2,0,60,24,shadow,bungalows,0.017555854,1,0.859210999,0.331111342
Ensemble2,0,60,24,shadow,bungalows,0.04660138,1,0.817453815,0.32736067
median,0,60,24,shadow,bungalows,0.015211344,2,0.883700445,0.240695465
dft,0,60,24,shadow,bungalows,0.015551034,2,0.874106315,0.249524479
svd,0,60,24,shadow,bungalows,0.024221701,2,0.881757068,0.259811992
Madu2,0,60,24,shadow,bungalows,0.024467398,2,0.85461725,0.241972126
Series2,0,60,24,shadow,bungalows,0.017762072,2,0.86583553,0.238277492
Ensemble2,0,60,24,shadow,bungalows,0.046770474,2,0.888761777,0.267531146
median,0,60,24,shadow,bungalows,0.015114097,3,0.865754228,0.385622146
dft,0,60,24,shadow,bungalows,0.015350398,3,0.870212934,0.388627247
svd,0,60,24,shadow,bungalows,0.024072507,3,0.737816786,0.341745479
Madu2,0,60,24,shadow,bungalows,0.023846262,3,0.841700095,0.395134792
Series2,0,60,24,shadow,bungalows,0.017815604,3,0.843733636,0.320806582
Ensemble2,0,60,24,shadow,bungalows,0.046854945,3,0,2.599458186
median,0,60,25,shadow,busStation,0.015493274,1,0.739406711,0.38886629
dft,0,60,25,shadow,busStation,0.015416185,1,0.737619886,0.376450854
svd,0,60,25,shadow,busStation,0.024825493,1,0.763342216,0.281668077
Madu2,0,60,25,shadow,busStation,0.024292032,1,0.745735185,0.380787137
Series2,0,60,25,shadow,busStation,0.018410802,1,0.732374805,0.332960993
Ensemble2,0,60,25,shadow,busStation,0.046594759,1,0.790257292,0.395258576
median,0,60,25,shadow,busStation,0.015100459,2,0.732037994,0.388588143
dft,0,60,25,shadow,busStation,0.015336335,2,0.71382288,0.37492241
svd,0,60,25,shadow,busStation,0.022416194,2,0.797129432,0.303398699
Madu2,0,60,25,shadow,busStation,0.024045328,2,0.783388362,0.393409975
Series2,0,60,25,shadow,busStation,0.017754197,2,0.718200218,0.363756258
Ensemble2,0,60,25,shadow,busStation,0.047452668,2,0.813392238,0.724845968
median,0,60,25,shadow,busStation,0.015202383,3,0.727985921,0.384352967
dft,0,60,25,shadow,busStation,0.015315652,3,0.697151686,0.348821362
svd,0,60,25,shadow,busStation,0.02300789,3,0.684418042,0.351629266
Madu2,0,60,25,shadow,busStation,0.025589605,3,0.744243939,0.395987749
Series2,0,60,25,shadow,busStation,0.017890334,3,0.724283174,0.374582315
Ensemble2,0,60,25,shadow,busStation,0.047141572,3,0.742186882,1.216724311
median,0,60,26,shadow,copyMachine,0.015060747,1,0.589276198,0.369639163
dft,0,60,26,shadow,copyMachine,0.015102875,1,0.590929048,0.374718879
svd,0,60,26,shadow,copyMachine,0.024193692,1,0.897341078,0.128328963
Madu2,0,60,26,shadow,copyMachine,0.025050259,1,0.919242283,0.179553974
Series2,0,60,26,shadow,copyMachine,0.01791091,1,0.684568566,0.278006317
Ensemble2,0,60,26,shadow,copyMachine,0.046432328,1,0.897500504,0.18300509
median,0,60,26,shadow,copyMachine,0.015207279,2,0.6187092,0.360280575
dft,0,60,26,shadow,copyMachine,0.015382171,2,0.60594971,0.367380825
svd,0,60,26,shadow,copyMachine,0.022693479,2,0.913115716,0.109835006
Madu2,0,60,26,shadow,copyMachine,0.024528217,2,0.920234865,0.107604567
Series2,0,60,26,shadow,copyMachine,0.017825758,2,0.691864499,0.279342004
Ensemble2,0,60,26,shadow,copyMachine,0.046417427,2,0.924781056,0.101443669
median,0,60,26,shadow,copyMachine,0.015099633,3,0.6000732,0.378915772
dft,0,60,26,shadow,copyMachine,0.015208936,3,0.615823414,0.369966846
svd,0,60,26,shadow,copyMachine,0.023076797,3,0.902262678,0.113125182
Madu2,0,60,26,shadow,copyMachine,0.025094998,3,0.909398092,0.166865154
Series2,0,60,26,shadow,copyMachine,0.018012488,3,0.669993739,0.312684889
Ensemble2,0,60,26,shadow,copyMachine,0.046248639,3,0.91130313,0.145334156
median,0,60,27,shadow,cubicle,0.015552557,1,0.790002872,0.190981078
dft,0,60,27,shadow,cubicle,0.015611076,1,0.829671303,0.178425463
svd,0,60,27,shadow,cubicle,0.022862899,1,0.874942952,0.136394679
Madu2,0,60,27,shadow,cubicle,0.025735462,1,0.822180959,0.187444529
Series2,0,60,27,shadow,cubicle,0.018142593,1,0.851718854,0.361247652
Ensemble2,0,60,27,shadow,cubicle,0.046877813,1,0.85555559,0.15308373
median,0,60,27,shadow,cubicle,0.015518653,2,0.780288133,0.159186322
dft,0,60,27,shadow,cubicle,0.015545607,2,0.77363352,0.190382614
svd,0,60,27,shadow,cubicle,0.022934389,2,0.885846713,0.105814393
Madu2,0,60,27,shadow,cubicle,0.02483089,2,0.832205254,0.134840775
Series2,0,60,27,shadow,cubicle,0.018072617,2,0.762882259,0.254129189
Ensemble2,0,60,27,shadow,cubicle,0.04755404,2,0.873216936,0.164670559
median,0,60,27,shadow,cubicle,0.015400624,3,0.793511599,0.170447631
dft,0,60,27,shadow,cubicle,0.015668082,3,0.722574376,0.20378257
svd,0,60,27,shadow,cubicle,0.023277128,3,0.842059093,0.152483219
Madu2,0,60,27,shadow,cubicle,0.023859608,3,0.866387576,0.134302471
Series2,0,60,27,shadow,cubicle,0.018007696,3,0.781796285,0.352446499
Ensemble2,0,60,27,shadow,cubicle,0.047881198,3,0.861619898,0.166917641
median,0,60,28,shadow,peopleInShade,0.015028417,1,0.540749864,0.418980196
dft,0,60,28,shadow,peopleInShade,0.014831503,1,0.474580508,0.486286404
svd,0,60,28,shadow,peopleInShade,0.023102403,1,0.63001325,0.385386232
Madu2,0,60,28,shadow,peopleInShade,0.02524056,1,0.717817245,0.376549477
Series2,0,60,28,shadow,peopleInShade,0.017585536,1,0.624452027,0.384882049
Ensemble2,0,60,28,shadow,peopleInShade,0.046968639,1,0.70624679,0.657705166
median,0,60,28,shadow,peopleInShade,0.014834444,2,0.652753421,0.337490012
dft,0,60,28,shadow,peopleInShade,0.014840364,2,0.62294903,0.446031737
svd,0,60,28,shadow,peopleInShade,0.023817599,2,0.675120258,0.316050004
Madu2,0,60,28,shadow,peopleInShade,0.024112066,2,0.87135308,0.31232487
Series2,0,60,28,shadow,peopleInShade,0.0175789,2,0.771596565,0.338114303
Ensemble2,0,60,28,shadow,peopleInShade,0.046157678,2,0.889547891,0.330655061
median,0,60,28,shadow,peopleInShade,0.014628053,3,0.455959681,0.480996293
dft,0,60,28,shadow,peopleInShade,0.015013317,3,0.374115693,0.525831179
svd,0,60,28,shadow,peopleInShade,0.025719206,3,0.414235474,0.454021258
Madu2,0,60,28,shadow,peopleInShade,0.024324218,3,0.6228728,0.413548294
Series2,0,60,28,shadow,peopleInShade,0.017291208,3,0.523443435,0.381773137
Ensemble2,0,60,28,shadow,peopleInShade,0.0458407,3,0.616265183,1.239770251
median,0,60,29,nightVideos,bridgeEntry,0.015444305,1,0.376770416,0.652123051
dft,0,60,29,nightVideos,bridgeEntry,0.015572389,1,0,0.663873775
svd,0,60,29,nightVideos,bridgeEntry,0.023027764,1,0.128943755,0.710820691
Madu2,0,60,29,nightVideos,bridgeEntry,0.024819824,1,0.213434567,0.655619293
Series2,0,60,29,nightVideos,bridgeEntry,0.01797737,1,0.001704303,0.669001192
Ensemble2,0,60,29,nightVideos,bridgeEntry,0.048209959,1,0,6.112315976
median,0,60,29,nightVideos,bridgeEntry,0.015179184,2,0.471395999,0.850281282
dft,0,60,29,nightVideos,bridgeEntry,0.015493287,2,0.433411178,0.849041737
svd,0,60,29,nightVideos,bridgeEntry,0.023841302,2,0,0.837381999
Madu2,0,60,29,nightVideos,bridgeEntry,0.025151451,2,0.445319672,0.851306202
Series2,0,60,29,nightVideos,bridgeEntry,0.017848412,2,0.308232609,1.528086017
Ensemble2,0,60,29,nightVideos,bridgeEntry,0.046729061,2,0.312424249,14.11292794
median,0,60,29,nightVideos,bridgeEntry,0.015443007,3,0.436478199,0.828595791
dft,0,60,29,nightVideos,bridgeEntry,0.015413006,3,0.328105149,0.829932842
svd,0,60,29,nightVideos,bridgeEntry,0.022744391,3,0.447563947,0.829834965
Madu2,0,60,29,nightVideos,bridgeEntry,0.024792526,3,0.277001569,0.813926362
Series2,0,60,29,nightVideos,bridgeEntry,0.0179035,3,0.252171314,0.851809194
Ensemble2,0,60,29,nightVideos,bridgeEntry,0.047831946,3,0,1.104535795
median,0,60,30,nightVideos,busyBoulvard,0.013185537,1,0.564841564,0.596655647
dft,0,60,30,nightVideos,busyBoulvard,0.013233316,1,0.404952165,0.59959347
svd,0,60,30,nightVideos,busyBoulvard,0.021021211,1,0.359813868,0.585927182
Madu2,0,60,30,nightVideos,busyBoulvard,0.021845686,1,0.622979417,0.59755581
Series2,0,60,30,nightVideos,busyBoulvard,0.015772116,1,0.33164134,0.595403536
Ensemble2,0,60,30,nightVideos,busyBoulvard,0.039925289,1,0,3.038652719
median,0,60,30,nightVideos,busyBoulvard,0.013037479,2,0.517269036,1.362767895
dft,0,60,30,nightVideos,busyBoulvard,0.013384819,2,0.499591097,0.735986258
svd,0,60,30,nightVideos,busyBoulvard,0.020950735,2,0.450011263,1.106755177
Madu2,0,60,30,nightVideos,busyBoulvard,0.021380329,2,0.405937005,1.370820211
Series2,0,60,30,nightVideos,busyBoulvard,0.015769386,2,0.498300957,1.416917868
Ensemble2,0,60,30,nightVideos,busyBoulvard,0.040468955,2,0.532415968,9.42134615
median,0,60,30,nightVideos,busyBoulvard,0.012914026,3,0.411174551,0.647313344
dft,0,60,30,nightVideos,busyBoulvard,0.013109601,3,0.051787785,0.656753817
svd,0,60,30,nightVideos,busyBoulvard,0.021173644,3,0.378957154,0.650134292
Madu2,0,60,30,nightVideos,busyBoulvard,0.021658063,3,0.624975931,0.639780892
Series2,0,60,30,nightVideos,busyBoulvard,0.015603054,3,0.346923399,0.649635193
Ensemble2,0,60,30,nightVideos,busyBoulvard,0.040343189,3,0,5.561607976
median,0,60,31,nightVideos,fluidHighway,0.014938354,1,0.325480269,2.099150966
dft,0,60,31,nightVideos,fluidHighway,0.015126089,1,0.317680349,1.741541632
svd,0,60,31,nightVideos,fluidHighway,0.022812128,1,0.298960831,2.093449031
Madu2,0,60,31,nightVideos,fluidHighway,0.023201783,1,0.323889237,1.84313067
Series2,0,60,31,nightVideos,fluidHighway,0.017326057,1,0.385834458,2.336580418
Ensemble2,0,60,31,nightVideos,fluidHighway,0.045051694,1,0.332841596,3.727889958
median,0,60,31,nightVideos,fluidHighway,0.014723778,2,0.555863434,0.901786829
dft,0,60,31,nightVideos,fluidHighway,0.014862657,2,0.448252929,0.888881192
svd,0,60,31,nightVideos,fluidHighway,0.023255308,2,0.482699604,1.605272556
Madu2,0,60,31,nightVideos,fluidHighway,0.024335623,2,0.622031399,0.89448415
Series2,0,60,31,nightVideos,fluidHighway,0.017359634,2,0.430570679,2.817447625
Ensemble2,0,60,31,nightVideos,fluidHighway,0.044962505,2,0.680981217,15.80318254
median,0,60,31,nightVideos,fluidHighway,0.014739891,3,0.289284263,2.17947941
dft,0,60,31,nightVideos,fluidHighway,0.014912407,3,0.200190088,2.188377197
svd,0,60,31,nightVideos,fluidHighway,0.022701919,3,0.299575468,2.234327175
Madu2,0,60,31,nightVideos,fluidHighway,0.024344166,3,0.217739576,2.251514579
Series2,0,60,31,nightVideos,fluidHighway,0.017305891,3,0.362698326,2.374560741
Ensemble2,0,60,31,nightVideos,fluidHighway,0.046021481,3,0,17.39525642
median,0,60,32,nightVideos,streetCornerAtNight,0.009350669,1,0.532821865,0.554251294
dft,0,60,32,nightVideos,streetCornerAtNight,0.009734559,1,0,0.57469829
svd,0,60,32,nightVideos,streetCornerAtNight,0.017099786,1,0.769261184,0.189921874
Madu2,0,60,32,nightVideos,streetCornerAtNight,0.017334628,1,0.746228946,0.544020909
Series2,0,60,32,nightVideos,streetCornerAtNight,0.012347949,1,0.542137986,0.240479297
Ensemble2,0,60,32,nightVideos,streetCornerAtNight,0.030768871,1,0.64252678,0.20475248
median,0,60,32,nightVideos,streetCornerAtNight,0.009285247,2,0.185891821,0.602395764
dft,0,60,32,nightVideos,streetCornerAtNight,0.009816086,2,0,0.556967843
svd,0,60,32,nightVideos,streetCornerAtNight,0.017349505,2,0.437964301,0.584117302
Madu2,0,60,32,nightVideos,streetCornerAtNight,0.017371249,2,0.232764864,0.586171618
Series2,0,60,32,nightVideos,streetCornerAtNight,0.012268543,2,0.333508977,0.554822987
Ensemble2,0,60,32,nightVideos,streetCornerAtNight,0.030585694,2,0,0.532834567
median,0,60,32,nightVideos,streetCornerAtNight,0.00925175,3,0.626124104,0.316240534
dft,0,60,32,nightVideos,streetCornerAtNight,0.009666598,3,0,0.584305909
svd,0,60,32,nightVideos,streetCornerAtNight,0.017106175,3,0.557772389,0.419686352
Madu2,0,60,32,nightVideos,streetCornerAtNight,0.017134476,3,0.609196172,0.548457702
Series2,0,60,32,nightVideos,streetCornerAtNight,0.01208756,3,0.47617697,0.435509898
Ensemble2,0,60,32,nightVideos,streetCornerAtNight,0.030226898,3,0.549274758,0.414771071
median,0,60,33,nightVideos,tramStation,0.014152205,1,0.778387684,0.506478365
dft,0,60,33,nightVideos,tramStation,0.014243841,1,0.750735458,0.513176309
svd,0,60,33,nightVideos,tramStation,0.022357535,1,0.671101323,0.509656994
Madu2,0,60,33,nightVideos,tramStation,0.022797167,1,0.826593168,0.484014194
Series2,0,60,33,nightVideos,tramStation,0.016692674,1,0.708013382,0.523808962
Ensemble2,0,60,33,nightVideos,tramStation,0.043495035,1,0,0.511247799
median,0,60,33,nightVideos,tramStation,0.014024401,2,0.81138819,0.638536403
dft,0,60,33,nightVideos,tramStation,0.014374459,2,0.792830909,0.672944415
svd,0,60,33,nightVideos,tramStation,0.02203238,2,0.766301219,0.704243418
Madu2,0,60,33,nightVideos,tramStation,0.022542953,2,0.795027151,0.808648559
Series2,0,60,33,nightVideos,tramStation,0.016736805,2,0.703523747,0.756697433
Ensemble2,0,60,33,nightVideos,tramStation,0.043081152,2,0,8.585452019
median,0,60,33,nightVideos,tramStation,0.014052677,3,0.801392964,0.582459197
dft,0,60,33,nightVideos,tramStation,0.01443609,3,0.663028722,0.607786809
svd,0,60,33,nightVideos,tramStation,0.021746099,3,0.71779473,0.602687915
Madu2,0,60,33,nightVideos,tramStation,0.023433447,3,0.804045453,0.576214217
Series2,0,60,33,nightVideos,tramStation,0.016795003,3,0.779180022,0.58197697
Ensemble2,0,60,33,nightVideos,tramStation,0.043590689,3,0.778404336,0.62331059
median,0,60,34,nightVideos,winterStreet,0.015331138,1,0.594245815,0.926548248
dft,0,60,34,nightVideos,winterStreet,0.015365124,1,0.538243638,0.903906161
svd,0,60,34,nightVideos,winterStreet,0.023109436,1,0.398061308,1.42690328
Madu2,0,60,34,nightVideos,winterStreet,0.023923744,1,0.56352415,0.909551377
Series2,0,60,34,nightVideos,winterStreet,0.018627188,1,0.492546543,1.676646411
Ensemble2,0,60,34,nightVideos,winterStreet,0.046648589,1,0.618248493,16.21643642
median,0,60,34,nightVideos,winterStreet,0.015269605,2,0.632611954,0.839172862
dft,0,60,34,nightVideos,winterStreet,0.015407129,2,0.541249653,0.827874054
svd,0,60,34,nightVideos,winterStreet,0.023561283,2,0.465471867,1.36405552
Madu2,0,60,34,nightVideos,winterStreet,0.023829829,2,0.647223137,0.840120256
Series2,0,60,34,nightVideos,winterStreet,0.018354589,2,0.543218856,1.382546078
Ensemble2,0,60,34,nightVideos,winterStreet,0.046809652,2,0,15.5053493
median,0,60,34,nightVideos,winterStreet,0.015352791,3,0.627108808,2.258161226
dft,0,60,34,nightVideos,winterStreet,0.015585032,3,0,2.211662168
svd,0,60,34,nightVideos,winterStreet,0.024975126,3,0.474307266,2.324842399
Madu2,0,60,34,nightVideos,winterStreet,0.025653059,3,0.445686591,2.15030474
Series2,0,60,34,nightVideos,winterStreet,0.017820597,3,0.550323442,2.933603214
Ensemble2,0,60,34,nightVideos,winterStreet,0.046845306,3,0.613092022,19.75122235
median,0,60,35,turbulence,turbulence0,0.015295434,1,0.761829759,0.133590306
dft,0,60,35,turbulence,turbulence0,0.015345275,1,0.511355526,0.206414284
svd,0,60,35,turbulence,turbulence0,0.022547722,1,0.401721509,0.269100853
Madu2,0,60,35,turbulence,turbulence0,0.023376608,1,0.7526019,0.140405605
Series2,0,60,35,turbulence,turbulence0,0.017992926,1,0,0.392158381
Ensemble2,0,60,35,turbulence,turbulence0,0.04690243,1,0.706079314,0.284813153
median,0,60,35,turbulence,turbulence0,0.015108907,2,0.698945021,0.546290657
dft,0,60,35,turbulence,turbulence0,0.015434957,2,0.825619246,0.299287968
svd,0,60,35,turbulence,turbulence0,0.022461414,2,0.82242226,0.33364499
Madu2,0,60,35,turbulence,turbulence0,0.024033511,2,0.805673513,0.545554152
Series2,0,60,35,turbulence,turbulence0,0.017703569,2,0.659632814,0.556585345
Ensemble2,0,60,35,turbulence,turbulence0,0.046398973,2,0,0.45551516
median,0,60,35,turbulence,turbulence0,0.015182102,3,0.769853409,0.533644517
dft,0,60,35,turbulence,turbulence0,0.015355957,3,0.767196708,0.157375733
svd,0,60,35,turbulence,turbulence0,0.022534788,3,0.617860675,0.209991641
Madu2,0,60,35,turbulence,turbulence0,0.023918569,3,0.822209588,0.140993779
Series2,0,60,35,turbulence,turbulence0,0.017676795,3,0.82635101,0.128364788
Ensemble2,0,60,35,turbulence,turbulence0,0.046460164,3,0,0.558706095
median,0,60,36,turbulence,turbulence1,0.015349281,1,0.622126273,0.310601131
dft,0,60,36,turbulence,turbulence1,0.015257156,1,0.666408753,0.307003625
svd,0,60,36,turbulence,turbulence1,0.022704136,1,0.551021412,0.336380927
Madu2,0,60,36,turbulence,turbulence1,0.023945677,1,0.544515239,0.323326696
Series2,0,60,36,turbulence,turbulence1,0.017569256,1,0.31341096,0.423481154
Ensemble2,0,60,36,turbulence,turbulence1,0.045853424,1,0.446751154,0.429652716
median,0,60,36,turbulence,turbulence1,0.015150213,2,0.711729195,0.285324891
dft,0,60,36,turbulence,turbulence1,0.015286171,2,0.581332059,0.534690452
svd,0,60,36,turbulence,turbulence1,0.023473227,2,0,0.562132671
Madu2,0,60,36,turbulence,turbulence1,0.023527396,2,0.695469551,0.510933366
Series2,0,60,36,turbulence,turbulence1,0.017671275,2,0.62735275,0.520355585
Ensemble2,0,60,36,turbulence,turbulence1,0.046265578,2,0.723992408,0.553381367
median,0,60,36,turbulence,turbulence1,0.015128064,3,0.685399876,0.806029994
dft,0,60,36,turbulence,turbulence1,0.015170681,3,0.66715969,0.682384796
svd,0,60,36,turbulence,turbulence1,0.022681797,3,0.643104049,0.716032277
Madu2,0,60,36,turbulence,turbulence1,0.024531937,3,0.723065536,0.764095682
Series2,0,60,36,turbulence,turbulence1,0.017775238,3,0.725177991,0.773311257
Ensemble2,0,60,36,turbulence,turbulence1,0.046745729,3,0.747460974,0.791188674
median,0,60,37,turbulence,turbulence2,0.011074567,1,0,0.252619537
dft,0,60,37,turbulence,turbulence2,0.011273515,1,0,0.229602081
svd,0,60,37,turbulence,turbulence2,0.018498719,1,0.336801724,0.175371324
Madu2,0,60,37,turbulence,turbulence2,0.019284177,1,0.730689751,0.09485527
Series2,0,60,37,turbulence,turbulence2,0.013874972,1,0,0.229674929
Ensemble2,0,60,37,turbulence,turbulence2,0.035094857,1,0,0.229728163
median,0,60,37,turbulence,turbulence2,0.01099925,2,0.869930608,0.057507112
dft,0,60,37,turbulence,turbulence2,0.011217475,2,0.93837119,0.054092557
svd,0,60,37,turbulence,turbulence2,0.018665278,2,0,0.580110604
Madu2,0,60,37,turbulence,turbulence2,0.019429159,2,0.825490561,0.064279915
Series2,0,60,37,turbulence,turbulence2,0.014101303,2,0,0.553241304
Ensemble2,0,60,37,turbulence,turbulence2,0.035250187,2,0,0.597859719
median,0,60,37,turbulence,turbulence2,0.010878122,3,0.981583022,0.029213996
dft,0,60,37,turbulence,turbulence2,0.011295891,3,0,0.153089929
svd,0,60,37,turbulence,turbulence2,0.018623507,3,0,0.566577122
Madu2,0,60,37,turbulence,turbulence2,0.019287324,3,0.918530976,0.029886381
Series2,0,60,37,turbulence,turbulence2,0.014025474,3,0,0.153140925
Ensemble2,0,60,37,turbulence,turbulence2,0.034914279,3,0,0.167599639
median,0,60,38,turbulence,turbulence3,0.015452245,1,0.671283793,0.64361344
dft,0,60,38,turbulence,turbulence3,0.015399246,1,0.585650221,0.709553613
svd,0,60,38,turbulence,turbulence3,0.023525631,1,0.726909312,0.648522279
Madu2,0,60,38,turbulence,turbulence3,0.025873451,1,0.789072125,0.635391018
Series2,0,60,38,turbulence,turbulence3,0.017882515,1,0.663030541,0.654867034
Ensemble2,0,60,38,turbulence,turbulence3,0.046920342,1,0,1.53130701
median,0,60,38,turbulence,turbulence3,0.015403748,2,0.746199644,0.817942067
dft,0,60,38,turbulence,turbulence3,0.015334256,2,0.731542138,1.295151496
svd,0,60,38,turbulence,turbulence3,0.022709973,2,0.526340914,1.460939652
Madu2,0,60,38,turbulence,turbulence3,0.024183287,2,0.79102888,0.818867182
Series2,0,60,38,turbulence,turbulence3,0.017743265,2,0.79925452,1.503507381
Ensemble2,0,60,38,turbulence,turbulence3,0.046203024,2,8.60E-05,15.6324794
median,0,60,38,turbulence,turbulence3,0.015216154,3,0.595913005,0.764908884
dft,0,60,38,turbulence,turbulence3,0.015589995,3,0.594020104,0.769677869
svd,0,60,38,turbulence,turbulence3,0.025034161,3,0.616810966,0.763420189
Madu2,0,60,38,turbulence,turbulence3,0.023966242,3,0.622809539,0.762795818
Series2,0,60,38,turbulence,turbulence3,0.017935402,3,0.524545483,0.775634331
Ensemble2,0,60,38,turbulence,turbulence3,0.047232375,3,0.630985258,1.099316272
median,0,60,47,cameraJitter,badminton,0.015425396,1,0.681993878,0.25385122
dft,0,60,47,cameraJitter,badminton,0.015982389,1,0.745412154,0.380994457
svd,0,60,47,cameraJitter,badminton,0.024715233,1,0.688317833,0.298481584
Madu2,0,60,47,cameraJitter,badminton,0.023322916,1,0.726457065,0.389985144
Series2,0,60,47,cameraJitter,badminton,0.017830896,1,0.707269998,0.336137193
Ensemble2,0,60,47,cameraJitter,badminton,0.047202253,1,0.71729732,0.251720089
median,0,60,47,cameraJitter,badminton,0.015042591,2,0.708982112,0.399343568
dft,0,60,47,cameraJitter,badminton,0.015202761,2,0.725098177,0.246683156
svd,0,60,47,cameraJitter,badminton,0.025800896,2,0.608237946,0.304499927
Madu2,0,60,47,cameraJitter,badminton,0.023823023,2,0.744181362,0.394569796
Series2,0,60,47,cameraJitter,badminton,0.017443371,2,0.547861832,0.407271171
Ensemble2,0,60,47,cameraJitter,badminton,0.047335339,2,0.770075783,0.244429603
median,0,60,47,cameraJitter,badminton,0.015199947,3,0.722584449,0.396053767
dft,0,60,47,cameraJitter,badminton,0.015510321,3,0.666821148,0.281041387
svd,0,60,47,cameraJitter,badminton,0.023931456,3,0.692883999,0.268910047
Madu2,0,60,47,cameraJitter,badminton,0.023739195,3,0.758923387,0.388307893
Series2,0,60,47,cameraJitter,badminton,0.017906046,3,0.586870563,0.398367465
Ensemble2,0,60,47,cameraJitter,badminton,0.047369528,3,0.710290181,0.261827517
median,0,60,48,cameraJitter,boulevard,0.015578222,1,0.609557014,0.324979142
dft,0,60,48,cameraJitter,boulevard,0.015626705,1,0.660189659,0.413520347
svd,0,60,48,cameraJitter,boulevard,0.022688997,1,0.876043301,0.368833631
Madu2,0,60,48,cameraJitter,boulevard,0.024181974,1,0.823327111,0.395614881
Series2,0,60,48,cameraJitter,boulevard,0.017892802,1,0.772038065,0.323586396
Ensemble2,0,60,48,cameraJitter,boulevard,0.04771086,1,0.728792306,0.350769509
median,0,60,48,cameraJitter,boulevard,0.015230095,2,0.635892664,0.413370283
dft,0,60,48,cameraJitter,boulevard,0.015641189,2,0.587261311,0.458618266
svd,0,60,48,cameraJitter,boulevard,0.023447275,2,0.736011288,0.293186797
Madu2,0,60,48,cameraJitter,boulevard,0.023696196,2,0.732232274,0.369252283
Series2,0,60,48,cameraJitter,boulevard,0.018033743,2,0.612373931,0.433511464
Ensemble2,0,60,48,cameraJitter,boulevard,0.047281718,2,0.865404174,0.297547885
median,0,60,48,cameraJitter,boulevard,0.015308821,3,0.59398507,0.361843016
dft,0,60,48,cameraJitter,boulevard,0.015534806,3,0.539227524,1.394709674
svd,0,60,48,cameraJitter,boulevard,0.023577321,3,0.593793446,0.425344058
Madu2,0,60,48,cameraJitter,boulevard,0.023869801,3,0.774351932,0.33045621
Series2,0,60,48,cameraJitter,boulevard,0.017915058,3,0.720001653,0.245607443
Ensemble2,0,60,48,cameraJitter,boulevard,0.046978354,3,0.628562938,0.609170104
median,0,60,49,cameraJitter,sidewalk,0.015723753,1,0.471312266,0.395936531
dft,0,60,49,cameraJitter,sidewalk,0.015989208,1,0.412066774,0.419923025
svd,0,60,49,cameraJitter,sidewalk,0.023168659,1,0.431914936,0.405490613
Madu2,0,60,49,cameraJitter,sidewalk,0.02418499,1,0.471651229,0.402549285
Series2,0,60,49,cameraJitter,sidewalk,0.018076563,1,0.525878106,0.441595215
Ensemble2,0,60,49,cameraJitter,sidewalk,0.048918724,1,0.501750067,0.387000459
median,0,60,49,cameraJitter,sidewalk,0.015376139,2,0.507461603,0.391294271
dft,0,60,49,cameraJitter,sidewalk,0.015796566,2,0.498686737,0.388845003
svd,0,60,49,cameraJitter,sidewalk,0.022420788,2,0.258792404,0.54319452
Madu2,0,60,49,cameraJitter,sidewalk,0.02408514,2,0.421299131,0.413392061
Series2,0,60,49,cameraJitter,sidewalk,0.018417645,2,0.746898537,0.333850396
Ensemble2,0,60,49,cameraJitter,sidewalk,0.048604918,2,0.813939411,0.277366784
median,0,60,49,cameraJitter,sidewalk,0.015992355,3,0.582530361,0.344620949
dft,0,60,49,cameraJitter,sidewalk,0.015395689,3,0.700974554,0.263570809
svd,0,60,49,cameraJitter,sidewalk,0.02284317,3,0.750266685,0.223574421
Madu2,0,60,49,cameraJitter,sidewalk,0.02340517,3,0.761101046,0.19962419
Series2,0,60,49,cameraJitter,sidewalk,0.017883396,3,0.465504041,0.356073976
Ensemble2,0,60,49,cameraJitter,sidewalk,0.048725271,3,0.607223663,0.633815747
median,0,60,50,cameraJitter,traffic,0.016961962,1,0.875743899,0.191288187
dft,0,60,50,cameraJitter,traffic,0.017154813,1,0.884198184,0.197945454
svd,0,60,50,cameraJitter,traffic,0.024340063,1,0.813796127,0.234576111
Madu2,0,60,50,cameraJitter,traffic,0.025796711,1,0.911986853,0.286362674
Series2,0,60,50,cameraJitter,traffic,0.019323021,1,0.890727939,0.248956963
Ensemble2,0,60,50,cameraJitter,traffic,0.051476717,1,0.869134569,0.549800614
median,0,60,50,cameraJitter,traffic,0.01675427,2,0.890877819,0.136422279
dft,0,60,50,cameraJitter,traffic,0.016995907,2,0.908430934,0.257134527
svd,0,60,50,cameraJitter,traffic,0.024281293,2,0.643429962,0.314200375
Madu2,0,60,50,cameraJitter,traffic,0.026992768,2,0.865020765,0.363507673
Series2,0,60,50,cameraJitter,traffic,0.019118756,2,0.882928661,0.174866603
Ensemble2,0,60,50,cameraJitter,traffic,0.050809562,2,0.854569046,0.239812526
median,0,60,50,cameraJitter,traffic,0.016866654,3,0.836366735,0.206090076
dft,0,60,50,cameraJitter,traffic,0.017001569,3,0.896413534,0.311842253
svd,0,60,50,cameraJitter,traffic,0.024506807,3,0.890123275,0.18521069
Madu2,0,60,50,cameraJitter,traffic,0.026552558,3,0.90502165,0.304871842
Series2,0,60,50,cameraJitter,traffic,0.019664139,3,0.89830273,0.208187044
Ensemble2,0,60,50,cameraJitter,traffic,0.05149278,3,0.930654372,0.173178633
